#Ast,Name,MPC,1st,HMag,G
NEA ,        433,00433       ,  0,11.16,0.46
NEA ,       1036,01036       ,  0, 9.45,0.30
NEA ,       1221,01221       ,  0,17.7 ,0.15
NEA ,       1566,01566       ,  0,16.9 ,0.15
NEA ,       1580,01580       ,  0,14.8 ,0.15
NEA ,       1620,01620       ,  0,15.60,0.15
NEA ,       1627,01627       ,  0,13.2 ,0.60
NEA ,       1685,01685       ,  0,14.23,0.15
NEA ,       1862,01862       ,  0,16.25,0.09
NEA ,       1863,01863       ,  0,15.54,0.15
NEA ,       1865,01865       ,  0,16.84,0.15
NEA ,       1866,01866       ,  0,12.4 ,0.15
NEA ,       1915,01915       ,  0,18.97,0.10
NEA ,       1916,01916       ,  0,14.93,0.15
NEA ,       1917,01917       ,  0,13.9 ,0.15
NEA ,       1943,01943       ,  0,15.75,0.15
NEA ,       1980,01980       ,  0,13.92,0.15
NEA ,       2062,02062       ,  0,16.80,0.15
NEA ,       2063,02063       ,  0,17.3 ,0.15
NEA ,       2100,02100       ,  0,16.05,0.12
NEA ,       2101,02101       ,  0,18.8 ,0.15
NEA ,       2102,02102       ,  0,16.0 ,0.15
NEA ,       2201,02201       ,  0,15.25,0.15
NEA ,       2202,02202       ,  0,17.2 ,0.15
NEA ,       2212,02212       ,  0,13.87,0.15
NEA ,       2340,02340       ,  0,20.2 ,0.15
NEA ,       2608,02608       ,  0,17.52,0.15
NEA ,       3102,03102       ,  0,16.2 ,0.15
NEA ,       3103,03103       ,  0,15.38,0.15
NEA ,       3122,03122       ,  0,14.1 ,0.15
NEA ,       3199,03199       ,  0,14.84,0.15
NEA ,       3271,03271       ,  0,16.5 ,0.15
NEA ,       3352,03352       ,  0,15.8 ,0.15
NEA ,       3551,03551       ,  0,16.75,0.15
NEA ,       3552,03552       ,  0,12.9 ,0.15
NEA ,       3553,03553       ,  0,16.4 ,0.15
NEA ,       3554,03554       ,  0,15.82,0.15
NEA ,       3671,03671       ,  0,16.5 ,0.15
NEA ,       3691,03691       ,  0,14.7 ,0.15
NEA ,       3757,03757       ,  0,18.95,0.15
NEA ,       3838,03838       ,  0,15.6 ,0.15
NEA ,       3908,03908       ,  0,17.3 ,0.15
NEA ,       3988,03988       ,  0,17.9 ,0.15
NEA ,       4034,04034       ,  0,18.4 ,0.15
NEA ,       4055,04055       ,  0,14.8 ,0.15
NEA ,       4183,04183       ,  0,14.4 ,0.15
NEA ,       4257,04257       ,  0,15.9 ,0.15
NEA ,       4450,04450       ,  0,17.1 ,0.15
NEA ,       4487,04487       ,  0,17.4 ,0.15
NEA ,       4544,04544       ,  0,17.1 ,0.15
NEA ,       4596,04596       ,  0,16.4 ,0.15
NEA ,       4660,04660       ,  0,18.2 ,0.15
NEA ,       4769,04769       ,  0,16.9 ,0.15
NEA ,       4947,04947       ,  0,18.0 ,0.15
NEA ,       4953,04953       ,  0,14.1 ,0.15
NEA ,       4957,04957       ,  0,14.9 ,0.15
NEA ,       5011,05011       ,  0,16.4 ,0.15
NEA ,       5131,05131       ,  0,14.7 ,0.15
NEA ,       5143,05143       ,  0,14.0 ,0.15
NEA ,       5189,05189       ,  0,17.9 ,0.15
NEA ,       5324,05324       ,  0,15.5 ,0.15
NEA ,       5332,05332       ,  0,14.7 ,0.15
NEA ,       5496,05496       ,  0,16.0 ,0.15
NEA ,       5587,05587       ,  0,13.8 ,0.15
NEA ,       5590,05590       ,  0,19.7 ,0.15
NEA ,       5604,05604       ,  0,17.2 ,0.15
NEA ,       5620,05620       ,  0,17.0 ,0.15
NEA ,       5626,05626       ,  0,14.2 ,0.15
NEA ,       5645,05645       ,  0,17.1 ,0.15
NEA ,       5646,05646       ,  0,15.4 ,0.15
NEA ,       5653,05653       ,  0,16.2 ,0.15
NEA ,       5660,05660       ,  0,15.4 ,0.15
NEA ,       5693,05693       ,  0,16.7 ,0.15
NEA ,       5751,05751       ,  0,14.8 ,0.15
NEA ,       5786,05786       ,  0,17.1 ,0.15
NEA ,       5828,05828       ,  0,16.0 ,0.15
NEA ,       5863,05863       ,  0,15.8 ,0.15
NEA ,       5869,05869       ,  0,17.2 ,0.15
NEA ,       5879,05879       ,  0,17.4 ,0.15
NEA ,       6037,06037       ,  0,18.7 ,0.15
NEA ,       6047,06047       ,  0,17.8 ,0.15
NEA ,       6053,06053       ,  0,14.8 ,0.15
NEA ,       6063,06063       ,  0,15.9 ,0.15
NEA ,       6239,06239       ,  0,18.5 ,0.15
NEA ,       6455,06455       ,  0,13.9 ,0.15
NEA ,       6569,06569       ,  0,16.4 ,0.15
NEA ,       6611,06611       ,  0,16.9 ,0.15
NEA ,       7088,07088       ,  0,16.8 ,0.15
NEA ,       7236,07236       ,  0,18.3 ,0.15
NEA ,       7335,07335       ,  0,17.0 ,0.15
NEA ,       7358,07358       ,  0,14.7 ,0.15
NEA ,       7474,07474       ,  0,18.0 ,0.15
NEA ,       7480,07480       ,  0,17.0 ,0.15
NEA ,       7822,07822       ,  0,17.4 ,0.15
NEA ,       7888,07888       ,  0,15.1 ,0.15
NEA ,       7977,07977       ,  0,15.1 ,0.15
NEA ,       8013,08013       ,  0,17.0 ,0.15
NEA ,       8013,08013       ,  0,17.0 ,0.15
NEA ,       8014,08014       ,  0,18.7 ,0.15
NEA ,       8034,08034       ,  0,17.9 ,0.15
NEA ,       8035,08035       ,  0,17.1 ,0.15
NEA ,       8037,08037       ,  0,16.4 ,0.15
NEA ,       8201,08201       ,  0,15.8 ,0.15
NEA ,       8507,08507       ,  0,17.2 ,0.15
NEA ,       8566,08566       ,  0,16.3 ,0.15
NEA ,       8567,08567       ,  0,15.3 ,0.15
NEA ,       8709,08709       ,  0,16.9 ,0.15
NEA ,       9058,09058       ,  0,17.9 ,0.15
NEA ,       9202,09202       ,  0,15.9 ,0.15
NEA ,       9400,09400       ,  0,14.9 ,0.15
NEA ,       9950,09950       ,  0,16.2 ,0.15
NEA ,      10115,10115       ,  0,17.0 ,0.15
NEA ,      10165,10165       ,  0,17.3 ,0.15
NEA ,      10302,10302       ,  0,19.3 ,0.15
NEA ,      10563,10563       ,  0,16.8 ,0.15
NEA ,      10636,10636       ,  0,17.7 ,0.15
NEA ,      11066,11066       ,  0,15.2 ,0.15
NEA ,      11284,11284       ,  0,18.2 ,0.15
NEA ,      11398,11398       ,  0,16.4 ,0.15
NEA ,      11405,11405       ,  0,15.2 ,0.15
NEA ,      11885,11885       ,  0,18.5 ,0.15
NEA ,      12538,12538       ,  0,15.8 ,0.15
NEA ,      12711,12711       ,  0,15.8 ,0.15
NEA ,      12923,12923       ,  0,15.8 ,0.15
NEA ,      13651,13651       ,  0,17.6 ,0.15
NEA ,      14402,14402       ,  0,18.6 ,0.15
NEA ,      14827,14827       ,  0,18.3 ,0.15
NEA ,      15745,15745       ,  0,17.3 ,0.15
NEA ,      15817,15817       ,  0,18.5 ,0.15
NEA ,      16657,16657       ,  0,16.6 ,0.15
NEA ,      16816,16816       ,  0,16.2 ,0.15
NEA ,      16834,16834       ,  0,15.7 ,0.15
NEA ,      16912,16912       ,  0,17.9 ,0.15
NEA ,      17181,17181       ,  0,16.4 ,0.15
NEA ,      17274,17274       ,  0,16.6 ,0.15
NEA ,      17511,17511       ,  0,17.1 ,0.15
NEA ,      18106,18106       ,  0,17.7 ,0.15
NEA ,      18109,18109       ,  0,17.0 ,0.15
NEA ,      18736,18736       ,  0,15.8 ,0.15
NEA ,      18882,18882       ,  0,15.9 ,0.15
NEA ,      19764,19764       ,  0,15.9 ,0.15
NEA ,      20086,20086       ,  0,16.8 ,0.15
NEA ,      20236,20236       ,  0,17.6 ,0.15
NEA ,      20429,20429       ,  0,17.7 ,0.15
NEA ,      20460,20460       ,  0,15.2 ,0.15
NEA ,      20790,20790       ,  0,16.4 ,0.15
NEA ,      20826,20826       ,  0,13.9 ,0.15
NEA ,      21088,21088       ,  0,14.3 ,0.15
NEA ,      21374,21374       ,  0,17.4 ,0.15
NEA ,      22099,22099       ,  0,17.9 ,0.15
NEA ,      22753,22753       ,  0,17.7 ,0.15
NEA ,      22771,22771       ,  0,16.8 ,0.15
NEA ,      23183,23183       ,  0,16.0 ,0.15
NEA ,      23187,23187       ,  0,16.1 ,0.15
NEA ,      23548,23548       ,  0,17.6 ,0.15
NEA ,      23606,23606       ,  0,18.2 ,0.15
NEA ,      24443,24443       ,  0,16.4 ,0.15
NEA ,      24475,24475       ,  0,16.3 ,0.15
NEA ,      24761,24761       ,  0,17.3 ,0.15
NEA ,      24761,24761       ,  0,17.3 ,0.15
NEA ,      25143,25143       ,  0,19.2 ,0.15
NEA ,      25916,25916       ,  0,13.6 ,0.15
NEA ,      26379,26379       ,  0,18.0 ,0.15
NEA ,      26663,26663       ,  0,18.1 ,0.15
NEA ,      27346,27346       ,  0,15.9 ,0.15
NEA ,      31221,31221       ,  0,17.2 ,0.15
NEA ,      31346,31346       ,  0,17.2 ,0.15
NEA ,      31662,31662       ,  0,19.4 ,0.15
NEA ,      32906,32906       ,  0,15.8 ,0.15
NEA ,      33342,33342       ,  0,17.9 ,0.15
NEA ,      34613,34613       ,  0,16.0 ,0.15
NEA ,      35107,35107       ,  0,16.7 ,0.15
NEA ,      35396,35396       ,  0,16.9 ,0.15
NEA ,      36183,36183       ,  0,16.2 ,0.15
NEA ,      36236,36236       ,  0,15.9 ,0.15
NEA ,      36284,36284       ,  0,14.9 ,0.15
NEA ,      37655,37655       ,  0,17.9 ,0.15
NEA ,      38086,38086       ,  0,17.4 ,0.15
NEA ,      39557,39557       ,  0,17.0 ,0.15
NEA ,      39565,39565       ,  0,18.4 ,0.15
NEA ,      39796,39796       ,  0,15.8 ,0.15
NEA ,      40263,40263       ,  0,17.7 ,0.15
NEA ,      40267,40267       ,  0,15.5 ,0.15
NEA ,      40329,40329       ,  0,17.7 ,0.15
NEA ,      42286,42286       ,  0,16.5 ,0.15
NEA ,      52340,52340       ,  0,17.8 ,0.15
NEA ,      52381,52381       ,  0,20.0 ,0.15
NEA ,      52387,52387       ,  0,17.8 ,0.15
NEA ,      52750,52750       ,  0,16.5 ,0.15
NEA ,      52760,52760       ,  0,17.5 ,0.15
NEA ,      52761,52761       ,  0,17.9 ,0.15
NEA ,      52762,52762       ,  0,14.8 ,0.15
NEA ,      52768,52768       ,  0,15.9 ,0.15
NEA ,      53110,53110       ,  0,16.8 ,0.15
NEA ,      53409,53409       ,  0,18.7 ,0.15
NEA ,      53429,53429       ,  0,18.9 ,0.15
NEA ,      53430,53430       ,  0,16.7 ,0.15
NEA ,      53435,53435       ,  0,14.7 ,0.15
NEA ,      53789,53789       ,  0,17.4 ,0.15
NEA ,      54071,54071       ,  0,17.2 ,0.15
NEA ,      54401,54401       ,  0,17.1 ,0.15
NEA ,      54509,54509       ,  0,22.7 ,0.15
NEA ,      54660,54660       ,  0,18.0 ,0.15
NEA ,      54686,54686       ,  0,16.5 ,0.15
NEA ,      54690,54690       ,  0,17.1 ,0.15
NEA ,      54789,54789       ,  0,15.0 ,0.15
NEA ,      55408,55408       ,  0,18.6 ,0.15
NEA ,      55532,55532       ,  0,16.0 ,0.15
NEA ,      65679,65679       ,  0,19.4 ,0.15
NEA ,      65690,65690       ,  0,19.1 ,0.15
NEA ,      65717,65717       ,  0,20.8 ,0.15
NEA ,      65733,65733       ,  0,18.4 ,0.15
NEA ,      66251,66251       ,  0,16.9 ,0.15
NEA ,      66272,66272       ,  0,17.1 ,0.15
NEA ,      66400,66400       ,  0,19.3 ,0.15
NEA ,      66407,66407       ,  0,18.9 ,0.15
NEA ,      66959,66959       ,  0,16.6 ,0.15
NEA ,      67367,67367       ,  0,17.0 ,0.15
NEA ,      67367,67367       ,  0,17.0 ,0.15
NEA ,      67367,67367       ,  0,17.0 ,0.15
NEA ,      67381,67381       ,  0,19.8 ,0.15
NEA ,      68031,68031       ,  0,18.1 ,0.15
NEA ,      68063,68063       ,  0,15.5 ,0.15
NEA ,      68063,68063       ,  0,15.5 ,0.15
NEA ,      68216,68216       ,  0,16.5 ,0.15
NEA ,      68267,68267       ,  0,16.8 ,0.15
NEA ,      68346,68346       ,  0,16.9 ,0.15
NEA ,      68347,68347       ,  0,19.9 ,0.15
NEA ,      68348,68348       ,  0,14.3 ,0.15
NEA ,      68350,68350       ,  0,15.9 ,0.15
NEA ,      68359,68359       ,  0,17.9 ,0.15
NEA ,      68372,68372       ,  0,18.8 ,0.15
NEA ,      69230,69230       ,  0,17.5 ,0.15
NEA ,      85184,85184       ,  0,18.4 ,0.15
NEA ,      85275,85275       ,  0,16.2 ,0.15
NEA ,      85585,85585       ,  0,21.6 ,0.15
NEA ,      85709,85709       ,  0,15.9 ,0.15
NEA ,      85774,85774       ,  0,19.2 ,0.15
NEA ,      85804,85804       ,  0,15.3 ,0.15
NEA ,      85818,85818       ,  0,15.5 ,0.15
NEA ,      85839,85839       ,  0,16.4 ,0.15
NEA ,      85938,85938       ,  0,18.6 ,0.15
NEA ,      85953,85953       ,  0,18.1 ,0.15
NEA ,      85989,85989       ,  0,17.1 ,0.15
NEA ,      85990,85990       ,  0,20.2 ,0.15
NEA ,      86067,86067       ,  0,16.4 ,0.15
NEA ,      86326,86326       ,  0,17.3 ,0.15
NEA ,      86667,86667       ,  0,17.6 ,0.15
NEA ,      86878,86878       ,  0,17.6 ,0.15
NEA ,      87024,87024       ,  0,18.7 ,0.15
NEA ,      87025,87025       ,  0,18.1 ,0.15
NEA ,      87309,87309       ,  0,17.6 ,0.15
NEA ,      87684,87684       ,  0,16.1 ,0.15
NEA ,      88213,88213       ,  0,19.4 ,0.15
NEA ,      88254,88254       ,  0,17.6 ,0.15
NEA ,      88263,88263       ,  0,15.6 ,0.15
NEA ,      88710,88710       ,  0,17.6 ,0.15
NEA ,      88959,88959       ,  0,17.4 ,0.15
NEA ,      89355,89355       ,  0,15.7 ,0.15
NEA ,      89355,89355       ,  0,15.7 ,0.15
NEA ,      89830,89830       ,  0,14.9 ,0.15
NEA ,      89958,89958       ,  0,17.0 ,0.15
NEA ,      90075,90075       ,  0,15.3 ,0.15
NEA ,      90147,90147       ,  0,18.3 ,0.15
NEA ,      90367,90367       ,  0,17.8 ,0.15
NEA ,      90373,90373       ,  0,18.6 ,0.15
NEA ,      90416,90416       ,  0,18.7 ,0.15
NEA ,      96315,96315       ,  0,17.0 ,0.15
NEA ,      96536,96536       ,  0,15.4 ,0.15
NEA ,      96590,96590       ,  0,16.2 ,0.15
NEA ,      96631,96631       ,  0,18.1 ,0.15
NEA ,      97725,97725       ,  0,18.7 ,0.15
NEA ,      99248,99248       ,  0,16.4 ,0.15
NEA ,      99799,99799       ,  0,18.3 ,0.15
NEA ,      99907,99907       ,  0,17.9 ,0.15
NEA ,      99935,99935       ,  0,16.0 ,0.15
NEA ,      99942,99942       ,  0,19.2 ,0.15
NEA ,     100085,A0085       ,  0,17.8 ,0.15
NEA ,     100756,A0756       ,  0,16.3 ,0.15
NEA ,     100926,A0926       ,  0,16.7 ,0.15
NEA ,     101869,A1869       ,  0,19.3 ,0.15
NEA ,     102873,A2873       ,  0,17.6 ,0.15
NEA ,     105140,A5140       ,  0,15.8 ,0.15
NEA ,     105141,A5141       ,  0,18.9 ,0.15
NEA ,     106538,A6538       ,  0,16.3 ,0.15
NEA ,     108519,A8519       ,  0,17.9 ,0.15
NEA ,     108906,A8906       ,  0,17.8 ,0.15
NEA ,     111253,B1253       ,  0,15.2 ,0.15
NEA ,     112985,B2985       ,  0,15.8 ,0.15
NEA ,     115052,B5052       ,  0,17.4 ,0.15
NEA ,     136564,D6564       ,  0,19.1 ,0.15
NEA ,     136582,D6582       ,  0,20.0 ,0.15
NEA ,     136617,D6617       ,  0,17.7 ,0.15
NEA ,     136618,D6618       ,  0,16.8 ,0.15
NEA ,     136635,D6635       ,  0,19.0 ,0.15
NEA ,     136793,D6793       ,  0,18.4 ,0.15
NEA ,     136818,D6818       ,  0,18.9 ,0.15
NEA ,     136849,D6849       ,  0,17.7 ,0.15
NEA ,     136874,D6874       ,  0,15.7 ,0.15
NEA ,     136897,D6897       ,  0,18.5 ,0.15
NEA ,     136923,D6923       ,  0,16.3 ,0.15
NEA ,     137032,D7032       ,  0,16.6 ,0.15
NEA ,     137044,D7044       ,  0,16.7 ,0.15
NEA ,     137052,D7052       ,  0,17.0 ,0.15
NEA ,     137062,D7062       ,  0,16.6 ,0.15
NEA ,     137064,D7064       ,  0,18.9 ,0.15
NEA ,     137078,D7078       ,  0,16.3 ,0.15
NEA ,     137084,D7084       ,  0,16.4 ,0.15
NEA ,     137099,D7099       ,  0,18.2 ,0.15
NEA ,     137108,D7108       ,  0,17.9 ,0.15
NEA ,     137120,D7120       ,  0,18.1 ,0.15
NEA ,     137125,D7125       ,  0,18.6 ,0.15
NEA ,     137158,D7158       ,  0,17.9 ,0.15
NEA ,     137170,D7170       ,  0,14.6 ,0.15
NEA ,     137175,D7175       ,  0,18.3 ,0.15
NEA ,     137199,D7199       ,  0,16.9 ,0.15
NEA ,     137427,D7427       ,  0,15.2 ,0.15
NEA ,     137671,D7671       ,  0,18.6 ,0.15
NEA ,     137799,D7799       ,  0,18.5 ,0.15
NEA ,     137924,D7924       ,  0,17.2 ,0.15
NEA ,     137925,D7925       ,  0,16.0 ,0.15
NEA ,     138013,D8013       ,  0,14.7 ,0.15
NEA ,     138095,D8095       ,  0,15.9 ,0.15
NEA ,     138155,D8155       ,  0,17.2 ,0.15
NEA ,     138258,D8258       ,  0,19.1 ,0.15
NEA ,     138404,D8404       ,  0,19.1 ,0.15
NEA ,     138524,D8524       ,  0,16.8 ,0.15
NEA ,     138727,D8727       ,  0,19.0 ,0.15
NEA ,     138846,D8846       ,  0,16.0 ,0.15
NEA ,     138883,D8883       ,  0,16.7 ,0.15
NEA ,     138893,D8893       ,  0,18.1 ,0.15
NEA ,     138911,D8911       ,  0,19.2 ,0.15
NEA ,     138925,D8925       ,  0,15.9 ,0.15
NEA ,     138937,D8937       ,  0,17.5 ,0.15
NEA ,     138947,D8947       ,  0,18.7 ,0.15
NEA ,     138971,D8971       ,  0,18.4 ,0.15
NEA ,     139047,D9047       ,  0,17.2 ,0.15
NEA ,     139211,D9211       ,  0,18.0 ,0.15
NEA ,     139289,D9289       ,  0,17.6 ,0.15
NEA ,     139359,D9359       ,  0,16.6 ,0.15
NEA ,     139622,D9622       ,  0,18.4 ,0.15
NEA ,     140158,E0158       ,  0,18.3 ,0.15
NEA ,     140288,E0288       ,  0,16.7 ,0.15
NEA ,     140928,E0928       ,  0,18.2 ,0.15
NEA ,     141018,E1018       ,  0,18.9 ,0.15
NEA ,     141052,E1052       ,  0,17.4 ,0.15
NEA ,     141052,E1052       ,  0,17.4 ,0.15
NEA ,     141078,E1078       ,  0,18.9 ,0.15
NEA ,     141079,E1079       ,  0,17.7 ,0.15
NEA ,     141354,E1354       ,  0,17.4 ,0.15
NEA ,     141484,E1484       ,  0,16.4 ,0.15
NEA ,     141495,E1495       ,  0,18.3 ,0.15
NEA ,     141498,E1498       ,  0,18.3 ,0.15
NEA ,     141525,E1525       ,  0,17.9 ,0.15
NEA ,     141526,E1526       ,  0,19.9 ,0.15
NEA ,     141614,E1614       ,  0,19.4 ,0.15
NEA ,     141761,E1761       ,  0,17.2 ,0.15
NEA ,     141765,E1765       ,  0,16.2 ,0.15
NEA ,     141851,E1851       ,  0,17.7 ,0.15
NEA ,     141874,E1874       ,  0,17.8 ,0.15
NEA ,     142040,E2040       ,  0,16.3 ,0.15
NEA ,     142464,E2464       ,  0,18.1 ,0.15
NEA ,     142561,E2561       ,  0,18.1 ,0.15
NEA ,     142781,E2781       ,  0,16.1 ,0.15
NEA ,     143381,E3381       ,  0,16.1 ,0.15
NEA ,     143409,E3409       ,  0,17.9 ,0.15
NEA ,     143624,E3624       ,  0,15.9 ,0.15
NEA ,     143637,E3637       ,  0,16.3 ,0.15
NEA ,     143649,E3649       ,  0,17.4 ,0.15
NEA ,     143651,E3651       ,  0,16.0 ,0.15
NEA ,     143678,E3678       ,  0,16.3 ,0.15
NEA ,     143992,E3992       ,  0,16.0 ,0.15
NEA ,     144332,E4332       ,  0,16.5 ,0.15
NEA ,     144411,E4411       ,  0,16.6 ,0.15
NEA ,     144898,E4898       ,  0,18.8 ,0.15
NEA ,     144900,E4900       ,  0,18.3 ,0.15
NEA ,     144901,E4901       ,  0,17.4 ,0.15
NEA ,     144922,E4922       ,  0,17.3 ,0.15
NEA ,     152560,F2560       ,  0,19.1 ,0.15
NEA ,     152561,F2561       ,  0,19.0 ,0.15
NEA ,     152563,F2563       ,  0,19.8 ,0.15
NEA ,     152575,F2575       ,  0,17.0 ,0.15
NEA ,     152637,F2637       ,  0,18.0 ,0.15
NEA ,     152680,F2680       ,  0,19.4 ,0.15
NEA ,     152685,F2685       ,  0,19.2 ,0.15
NEA ,     152756,F2756       ,  0,18.8 ,0.15
NEA ,     152770,F2770       ,  0,18.4 ,0.15
NEA ,     152787,F2787       ,  0,18.6 ,0.15
NEA ,     152828,F2828       ,  0,21.2 ,0.15
NEA ,     152895,F2895       ,  0,18.1 ,0.15
NEA ,     152941,F2941       ,  0,17.6 ,0.15
NEA ,     152942,F2942       ,  0,16.7 ,0.15
NEA ,     152952,F2952       ,  0,17.6 ,0.15
NEA ,     153195,F3195       ,  0,17.5 ,0.15
NEA ,     153219,F3219       ,  0,18.4 ,0.15
NEA ,     153243,F3243       ,  0,17.5 ,0.15
NEA ,     153249,F3249       ,  0,15.1 ,0.15
NEA ,     153267,F3267       ,  0,17.9 ,0.15
NEA ,     153306,F3306       ,  0,16.7 ,0.15
NEA ,     153315,F3315       ,  0,19.2 ,0.15
NEA ,     153591,F3591       ,  0,16.9 ,0.15
NEA ,     153792,F3792       ,  0,18.2 ,0.15
NEA ,     153953,F3953       ,  0,16.8 ,0.15
NEA ,     153957,F3957       ,  0,17.9 ,0.15
NEA ,     153958,F3958       ,  0,18.3 ,0.15
NEA ,     154019,F4019       ,  0,22.0 ,0.15
NEA ,     154020,F4020       ,  0,19.1 ,0.15
NEA ,     154029,F4029       ,  0,16.5 ,0.15
NEA ,     154035,F4035       ,  0,17.3 ,0.15
NEA ,     154144,F4144       ,  0,17.4 ,0.15
NEA ,     154229,F4229       ,  0,16.6 ,0.15
NEA ,     154244,F4244       ,  0,17.5 ,0.15
NEA ,     154268,F4268       ,  0,18.0 ,0.15
NEA ,     154275,F4275       ,  0,20.1 ,0.15
NEA ,     154276,F4276       ,  0,17.6 ,0.15
NEA ,     154278,F4278       ,  0,16.5 ,0.15
NEA ,     154300,F4300       ,  0,19.3 ,0.15
NEA ,     154330,F4330       ,  0,18.1 ,0.15
NEA ,     154347,F4347       ,  0,16.1 ,0.15
NEA ,     154589,F4589       ,  0,16.5 ,0.15
NEA ,     154652,F4652       ,  0,18.8 ,0.15
NEA ,     154656,F4656       ,  0,16.3 ,0.15
NEA ,     154715,F4715       ,  0,18.4 ,0.15
NEA ,     154988,F4988       ,  0,18.4 ,0.15
NEA ,     154991,F4991       ,  0,18.5 ,0.15
NEA ,     155110,F5110       ,  0,17.5 ,0.15
NEA ,     155334,F5334       ,  0,17.1 ,0.15
NEA ,     155336,F5336       ,  0,18.3 ,0.15
NEA ,     159399,F9399       ,  0,16.6 ,0.15
NEA ,     159402,F9402       ,  0,16.1 ,0.15
NEA ,     159454,F9454       ,  0,18.1 ,0.15
NEA ,     159467,F9467       ,  0,18.2 ,0.15
NEA ,     159495,F9495       ,  0,17.2 ,0.15
NEA ,     159504,F9504       ,  0,17.0 ,0.15
NEA ,     159518,F9518       ,  0,17.9 ,0.15
NEA ,     159533,F9533       ,  0,17.6 ,0.15
NEA ,     159560,F9560       ,  0,17.0 ,0.15
NEA ,     159608,F9608       ,  0,16.5 ,0.15
NEA ,     159609,F9609       ,  0,17.1 ,0.15
NEA ,     159635,F9635       ,  0,18.0 ,0.15
NEA ,     159677,F9677       ,  0,19.4 ,0.15
NEA ,     159686,F9686       ,  0,16.2 ,0.15
NEA ,     159699,F9699       ,  0,17.6 ,0.15
NEA ,     161989,G1989       ,  0,17.2 ,0.15
NEA ,     161995,G1995       ,  0,17.2 ,0.15
NEA ,     161998,G1998       ,  0,17.5 ,0.15
NEA ,     162000,G2000       ,  0,19.4 ,0.15
NEA ,     162004,G2004       ,  0,18.2 ,0.15
NEA ,     162038,G2038       ,  0,16.6 ,0.15
NEA ,     162063,G2063       ,  0,19.0 ,0.15
NEA ,     162080,G2080       ,  0,19.9 ,0.15
NEA ,     162082,G2082       ,  0,18.9 ,0.15
NEA ,     162117,G2117       ,  0,19.1 ,0.15
NEA ,     162120,G2120       ,  0,20.6 ,0.15
NEA ,     162142,G2142       ,  0,18.8 ,0.15
NEA ,     162157,G2157       ,  0,19.7 ,0.15
NEA ,     162161,G2161       ,  0,17.3 ,0.15
NEA ,     162162,G2162       ,  0,19.9 ,0.15
NEA ,     162173,G2173       ,  0,19.3 ,0.15
NEA ,     162181,G2181       ,  0,18.2 ,0.15
NEA ,     162195,G2195       ,  0,19.4 ,0.15
NEA ,     162196,G2196       ,  0,18.7 ,0.15
NEA ,     162210,G2210       ,  0,19.1 ,0.15
NEA ,     162215,G2215       ,  0,19.0 ,0.15
NEA ,     162273,G2273       ,  0,17.2 ,0.15
NEA ,     162361,G2361       ,  0,20.2 ,0.15
NEA ,     162385,G2385       ,  0,18.4 ,0.15
NEA ,     162416,G2416       ,  0,21.7 ,0.15
NEA ,     162421,G2421       ,  0,18.0 ,0.15
NEA ,     162422,G2422       ,  0,20.6 ,0.15
NEA ,     162433,G2433       ,  0,19.2 ,0.15
NEA ,     162452,G2452       ,  0,18.3 ,0.15
NEA ,     162463,G2463       ,  0,17.8 ,0.15
NEA ,     162470,G2470       ,  0,19.3 ,0.15
NEA ,     162472,G2472       ,  0,19.1 ,0.15
NEA ,     162474,G2474       ,  0,18.5 ,0.15
NEA ,     162483,G2483       ,  0,17.5 ,0.15
NEA ,     162510,G2510       ,  0,17.5 ,0.15
NEA ,     162566,G2566       ,  0,15.7 ,0.15
NEA ,     162581,G2581       ,  0,18.6 ,0.15
NEA ,     162635,G2635       ,  0,16.5 ,0.15
NEA ,     162679,G2679       ,  0,17.7 ,0.15
NEA ,     162687,G2687       ,  0,19.2 ,0.15
NEA ,     162694,G2694       ,  0,19.6 ,0.15
NEA ,     162695,G2695       ,  0,20.1 ,0.15
NEA ,     162698,G2698       ,  0,18.2 ,0.15
NEA ,     162723,G2723       ,  0,17.6 ,0.15
NEA ,     162741,G2741       ,  0,17.3 ,0.15
NEA ,     162781,G2781       ,  0,17.6 ,0.15
NEA ,     162825,G2825       ,  0,18.0 ,0.15
NEA ,     162854,G2854       ,  0,19.1 ,0.15
NEA ,     162873,G2873       ,  0,19.1 ,0.15
NEA ,     162882,G2882       ,  0,18.8 ,0.15
NEA ,     162900,G2900       ,  0,15.8 ,0.15
NEA ,     162911,G2911       ,  0,19.2 ,0.15
NEA ,     162913,G2913       ,  0,18.3 ,0.15
NEA ,     162922,G2922       ,  0,20.8 ,0.15
NEA ,     162979,G2979       ,  0,18.0 ,0.15
NEA ,     162980,G2980       ,  0,16.7 ,0.15
NEA ,     162998,G2998       ,  0,17.9 ,0.15
NEA ,     163000,G3000       ,  0,19.2 ,0.15
NEA ,     163001,G3001       ,  0,18.2 ,0.15
NEA ,     163014,G3014       ,  0,17.5 ,0.15
NEA ,     163023,G3023       ,  0,19.3 ,0.15
NEA ,     163026,G3026       ,  0,21.0 ,0.15
NEA ,     163070,G3070       ,  0,18.3 ,0.15
NEA ,     163132,G3132       ,  0,18.5 ,0.15
NEA ,     163243,G3243       ,  0,16.5 ,0.15
NEA ,     163249,G3249       ,  0,18.5 ,0.15
NEA ,     163250,G3250       ,  0,15.5 ,0.15
NEA ,     163252,G3252       ,  0,17.6 ,0.15
NEA ,     163335,G3335       ,  0,17.0 ,0.15
NEA ,     163348,G3348       ,  0,20.1 ,0.15
NEA ,     163373,G3373       ,  0,18.9 ,0.15
NEA ,     163412,G3412       ,  0,17.3 ,0.15
NEA ,     163454,G3454       ,  0,18.9 ,0.15
NEA ,     163696,G3696       ,  0,16.4 ,0.15
NEA ,     163697,G3697       ,  0,20.0 ,0.15
NEA ,     163758,G3758       ,  0,17.4 ,0.15
NEA ,     163760,G3760       ,  0,16.6 ,0.15
NEA ,     163818,G3818       ,  0,18.4 ,0.15
NEA ,     163902,G3902       ,  0,17.1 ,0.15
NEA ,     164120,G4120       ,  0,19.1 ,0.15
NEA ,     164121,G4121       ,  0,16.2 ,0.15
NEA ,     164184,G4184       ,  0,19.3 ,0.15
NEA ,     164201,G4201       ,  0,15.7 ,0.15
NEA ,     164202,G4202       ,  0,20.8 ,0.15
NEA ,     164206,G4206       ,  0,17.6 ,0.15
NEA ,     164214,G4214       ,  0,19.0 ,0.15
NEA ,     164215,G4215       ,  0,20.0 ,0.15
NEA ,     164216,G4216       ,  0,17.2 ,0.15
NEA ,     164400,G4400       ,  0,17.4 ,0.15
NEA ,     168791,G8791       ,  0,18.7 ,0.15
NEA ,     170013,H0013       ,  0,17.8 ,0.15
NEA ,     170086,H0086       ,  0,18.0 ,0.15
NEA ,     170903,H0903       ,  0,18.1 ,0.15
NEA ,     171486,H1486       ,  0,18.5 ,0.15
NEA ,     171576,H1576       ,  0,18.6 ,0.15
NEA ,     171819,H1819       ,  0,18.3 ,0.15
NEA ,     172034,H2034       ,  0,17.9 ,0.15
NEA ,     172718,H2718       ,  0,18.7 ,0.15
NEA ,     172722,H2722       ,  0,17.6 ,0.15
NEA ,     172974,H2974       ,  0,19.3 ,0.15
NEA ,     173232,H3232       ,  0,18.1 ,0.15
NEA ,     173561,H3561       ,  0,18.3 ,0.15
NEA ,     173689,H3689       ,  0,18.3 ,0.15
NEA ,     174050,H4050       ,  0,17.5 ,0.15
NEA ,     174806,H4806       ,  0,17.2 ,0.15
NEA ,     174881,H4881       ,  0,18.0 ,0.15
NEA ,     175114,H5114       ,  0,16.6 ,0.15
NEA ,     175189,H5189       ,  0,18.4 ,0.15
NEA ,     175706,H5706       ,  0,18.4 ,0.15
NEA ,     175729,H5729       ,  0,20.3 ,0.15
NEA ,     175921,H5921       ,  0,18.3 ,0.15
NEA ,     177016,H7016       ,  0,20.0 ,0.15
NEA ,     177049,H7049       ,  0,19.7 ,0.15
NEA ,     177614,H7614       ,  0,17.5 ,0.15
NEA ,     177651,H7651       ,  0,17.5 ,0.15
NEA ,     178601,H8601       ,  0,17.8 ,0.15
NEA ,     183548,I3548       ,  0,17.6 ,0.15
NEA ,     184266,I4266       ,  0,19.4 ,0.15
NEA ,     184990,I4990       ,  0,16.4 ,0.15
NEA ,     185716,I5716       ,  0,17.8 ,0.15
NEA ,     185851,I5851       ,  0,18.2 ,0.15
NEA ,     185853,I5853       ,  0,17.0 ,0.15
NEA ,     186822,I6822       ,  0,18.0 ,0.15
NEA ,     186823,I6823       ,  0,19.2 ,0.15
NEA ,     186844,I6844       ,  0,17.4 ,0.15
NEA ,     187026,I7026       ,  0,17.3 ,0.15
NEA ,     188452,I8452       ,  0,17.4 ,0.15
NEA ,     189008,I9008       ,  0,16.3 ,0.15
NEA ,     189011,I9011       ,  0,19.0 ,0.15
NEA ,     189058,I9058       ,  0,16.5 ,0.15
NEA ,     189263,I9263       ,  0,15.6 ,0.15
NEA ,     189552,I9552       ,  0,16.8 ,0.15
NEA ,     189700,I9700       ,  0,19.0 ,0.15
NEA ,     190161,J0161       ,  0,16.7 ,0.15
NEA ,     190166,J0166       ,  0,17.1 ,0.15
NEA ,     190788,J0788       ,  0,18.3 ,0.15
NEA ,     191094,J1094       ,  0,20.1 ,0.15
NEA ,     196068,J6068       ,  0,18.0 ,0.15
NEA ,     196625,J6625       ,  0,20.2 ,0.15
NEA ,     199003,J9003       ,  0,18.1 ,0.15
NEA ,     199145,J9145       ,  0,18.2 ,0.15
NEA ,     200754,K0754       ,  0,18.6 ,0.15
NEA ,     200840,K0840       ,  0,17.6 ,0.15
NEA ,     203015,K3015       ,  0,18.4 ,0.15
NEA ,     203217,K3217       ,  0,18.6 ,0.15
NEA ,     204232,K4232       ,  0,18.4 ,0.15
NEA ,     205378,K5378       ,  0,18.7 ,0.15
NEA ,     206359,K6359       ,  0,18.2 ,0.15
NEA ,     207970,K7970       ,  0,18.1 ,0.15
NEA ,     208023,K8023       ,  0,20.4 ,0.15
NEA ,     208115,K8115       ,  0,20.7 ,0.15
NEA ,     208565,K8565       ,  0,17.1 ,0.15
NEA ,     208617,K8617       ,  0,17.8 ,0.15
NEA ,     209924,K9924       ,  0,16.1 ,0.15
NEA ,     217430,L7430       ,  0,19.6 ,0.15
NEA ,     219021,L9021       ,  0,17.1 ,0.15
NEA ,     219527,L9527       ,  0,16.8 ,0.15
NEA ,     220839,M0839       ,  0,17.3 ,0.15
NEA ,     222008,M2008       ,  0,18.9 ,0.15
NEA ,     222165,M2165       ,  0,17.7 ,0.15
NEA ,     224926,M4926       ,  0,17.5 ,0.15
NEA ,     228368,M8368       ,  0,18.4 ,0.15
NEA ,     228587,M8587       ,  0,19.3 ,0.15
NEA ,     229007,M9007       ,  0,17.0 ,0.15
NEA ,     229672,M9672       ,  0,17.9 ,0.15
NEA ,     230420,N0420       ,  0,18.9 ,0.15
NEA ,     231792,N1792       ,  0,18.5 ,0.15
NEA ,     237805,N7805       ,  0,17.3 ,0.15
NEA ,     241662,O1662       ,  0,17.6 ,0.15
NEA ,     242450,O2450       ,  0,14.7 ,0.15
NEA ,     250162,P0162       ,  0,19.3 ,0.15
NEA ,     250697,P0697       ,  0,17.8 ,0.15
NEA ,     251732,P1732       ,  0,21.7 ,0.15
NEA ,     252373,P2373       ,  0,18.1 ,0.15
NEA ,     253586,P3586       ,  0,19.3 ,0.15
NEA ,     257838,P7838       ,  0,17.9 ,0.15
NEA ,     259221,P9221       ,  0,19.2 ,0.15
NEA ,     261938,Q1938       ,  0,20.2 ,0.15
NEA ,     264308,Q4308       ,  0,20.3 ,0.15
NEA ,     265482,Q5482       ,  0,21.0 ,0.15
NEA ,     267494,Q7494       ,  0,15.9 ,0.15
NEA ,     267759,Q7759       ,  0,18.8 ,0.15
NEA ,     267940,Q7940       ,  0,20.3 ,0.15
NEA ,     271480,R1480       ,  0,17.6 ,0.15
NEA ,     274138,R4138       ,  0,17.8 ,0.15
NEA ,     274855,R4855       ,  0,18.5 ,0.15
NEA ,     275545,R5545       ,  0,18.1 ,0.15
NEA ,     275975,R5975       ,  0,19.2 ,0.15
NEA ,     275976,R5976       ,  0,16.2 ,0.15
NEA ,     276111,R6111       ,  0,18.6 ,0.15
NEA ,     276274,R6274       ,  0,17.3 ,0.15
NEA ,     276409,R6409       ,  0,18.5 ,0.15
NEA ,     276732,R6732       ,  0,17.7 ,0.15
NEA ,     276770,R6770       ,  0,19.8 ,0.15
NEA ,     276786,R6786       ,  0,17.7 ,0.15
NEA ,     276891,R6891       ,  0,19.4 ,0.15
NEA ,     277127,R7127       ,  0,18.7 ,0.15
NEA ,     277142,R7142       ,  0,16.8 ,0.15
NEA ,     277475,R7475       ,  0,20.1 ,0.15
NEA ,     277958,R7958       ,  0,16.8 ,0.15
NEA ,     278327,R8327       ,  0,15.3 ,0.15
NEA ,     278381,R8381       ,  0,21.9 ,0.15
NEA ,     279744,R9744       ,  0,19.8 ,0.15
NEA ,     280244,S0244       ,  0,18.1 ,0.15
NEA ,     280491,S0491       ,  0,19.0 ,0.15
NEA ,     281070,S1070       ,  0,18.7 ,0.15
NEA ,     281365,S1365       ,  0,17.5 ,0.15
NEA ,     283460,S3460       ,  0,18.3 ,0.15
NEA ,     284422,S4422       ,  0,17.4 ,0.15
NEA ,     285110,S5110       ,  0,17.1 ,0.15
NEA ,     285331,S5331       ,  0,18.3 ,0.15
NEA ,     285540,S5540       ,  0,18.5 ,0.15
NEA ,     285571,S5571       ,  0,18.1 ,0.15
NEA ,     285944,S5944       ,  0,16.5 ,0.15
NEA ,     286079,S6079       ,  0,19.2 ,0.15
NEA ,     288592,S8592       ,  0,20.7 ,0.15
NEA ,     290772,T0772       ,  0,17.6 ,0.15
NEA ,     292220,T2220       ,  0,19.5 ,0.15
NEA ,     297300,T7300       ,  0,19.2 ,0.15
NEA ,     297418,T7418       ,  0,18.5 ,0.15
NEA ,     299582,T9582       ,  0,18.0 ,0.15
NEA ,     301011,U1011       ,  0,18.4 ,0.15
NEA ,     302010,U2010       ,  0,18.7 ,0.15
NEA ,     302156,U2156       ,  0,18.9 ,0.15
NEA ,     302169,U2169       ,  0,19.9 ,0.15
NEA ,     302871,U2871       ,  0,19.4 ,0.15
NEA ,     303174,U3174       ,  0,16.7 ,0.15
NEA ,     303250,U3250       ,  0,18.2 ,0.15
NEA ,     303262,U3262       ,  0,18.6 ,0.15
NEA ,     303933,U3933       ,  0,19.0 ,0.15
NEA ,     304088,U4088       ,  0,19.2 ,0.15
NEA ,     304293,U4293       ,  0,18.8 ,0.15
NEA ,     304330,U4330       ,  0,18.9 ,0.15
NEA ,     306367,U6367       ,  0,15.7 ,0.15
NEA ,     306431,U6431       ,  0,17.3 ,0.15
NEA ,     311044,V1044       ,  0,17.1 ,0.15
NEA ,     311554,V1554       ,  0,18.7 ,0.15
NEA ,     312942,V2942       ,  0,17.3 ,0.15
NEA ,     312956,V2956       ,  0,19.5 ,0.15
NEA ,     313552,V3552       ,  0,20.9 ,0.15
NEA ,     313809,V3809       ,  0,19.3 ,0.15
NEA ,     314082,V4082       ,  0,17.5 ,0.15
NEA ,     314212,V4212       ,  0,18.5 ,0.15
NEA ,     315020,V5020       ,  0,18.7 ,0.15
NEA ,     315098,V5098       ,  0,16.9 ,0.15
NEA ,     317643,V7643       ,  0,18.2 ,0.15
NEA ,     317685,V7685       ,  0,18.2 ,0.15
NEA ,     318050,V8050       ,  0,18.7 ,0.15
NEA ,     318160,V8160       ,  0,18.1 ,0.15
NEA ,     318411,V8411       ,  0,17.1 ,0.15
NEA ,     319988,V9988       ,  0,19.5 ,0.15
NEA ,     322652,W2652       ,  0,16.9 ,0.15
NEA ,     322756,W2756       ,  0,19.0 ,0.15
NEA ,     323300,W3300       ,  0,19.6 ,0.15
NEA ,     325769,W5769       ,  0,17.9 ,0.15
NEA ,     326291,W6291       ,  0,19.0 ,0.15
NEA ,     326332,W6332       ,  0,17.9 ,0.15
NEA ,     329275,W9275       ,  0,19.9 ,0.15
NEA ,     329340,W9340       ,  0,19.3 ,0.15
NEA ,     329520,W9520       ,  0,19.8 ,0.15
NEA ,     329614,W9614       ,  0,17.6 ,0.15
NEA ,     329669,W9669       ,  0,16.6 ,0.15
NEA ,     329770,W9770       ,  0,17.9 ,0.15
NEA ,     330825,X0825       ,  0,16.3 ,0.15
NEA ,     331509,X1509       ,  0,18.3 ,0.15
NEA ,     331769,X1769       ,  0,19.8 ,0.15
NEA ,     331792,X1792       ,  0,16.0 ,0.15
NEA ,     331876,X1876       ,  0,20.5 ,0.15
NEA ,     331963,X1963       ,  0,17.6 ,0.15
NEA ,     331990,X1990       ,  0,19.6 ,0.15
NEA ,     332408,X2408       ,  0,17.8 ,0.15
NEA ,     332446,X2446       ,  0,19.6 ,0.15
NEA ,     333284,X3284       ,  0,18.1 ,0.15
NEA ,     333478,X3478       ,  0,18.2 ,0.15
NEA ,     333521,X3521       ,  0,19.9 ,0.15
NEA ,     333555,X3555       ,  0,17.3 ,0.15
NEA ,     333755,X3755       ,  0,19.3 ,0.15
NEA ,     333888,X3888       ,  0,16.4 ,0.15
NEA ,     334673,X4673       ,  0,17.9 ,0.15
NEA ,     335746,X5746       ,  0,18.3 ,0.15
NEA ,     335758,X5758       ,  0,19.6 ,0.15
NEA ,     337053,X7053       ,  0,19.1 ,0.15
NEA ,     337069,X7069       ,  0,18.6 ,0.15
NEA ,     337345,X7345       ,  0,20.6 ,0.15
NEA ,     337558,X7558       ,  0,19.3 ,0.15
NEA ,     338049,X8049       ,  0,17.2 ,0.15
NEA ,     338172,X8172       ,  0,17.4 ,0.15
NEA ,     338176,X8176       ,  0,16.8 ,0.15
NEA ,     339714,X9714       ,  0,20.4 ,0.15
NEA ,     339715,X9715       ,  0,19.1 ,0.15
NEA ,     340048,Y0048       ,  0,19.0 ,0.15
NEA ,     340291,Y0291       ,  0,19.8 ,0.15
NEA ,     340666,Y0666       ,  0,17.8 ,0.15
NEA ,     341816,Y1816       ,  0,17.5 ,0.15
NEA ,     343098,Y3098       ,  0,18.7 ,0.15
NEA ,     344076,Y4076       ,  0,18.8 ,0.15
NEA ,     345853,Y5853       ,  0,16.2 ,0.15
NEA ,     347634,Y7634       ,  0,19.5 ,0.15
NEA ,     348304,Y8304       ,  0,18.0 ,0.15
NEA ,     348306,Y8306       ,  0,21.4 ,0.15
NEA ,     348314,Y8314       ,  0,17.9 ,0.15
NEA ,     348400,Y8400       ,  0,17.3 ,0.15
NEA ,     348461,Y8461       ,  0,17.1 ,0.15
NEA ,     349219,Y9219       ,  0,18.2 ,0.15
NEA ,     349507,Y9507       ,  0,18.6 ,0.15
NEA ,     349928,Y9928       ,  0,18.6 ,0.15
NEA ,     350513,Z0513       ,  0,17.9 ,0.15
NEA ,     350751,Z0751       ,  0,20.8 ,0.15
NEA ,     350964,Z0964       ,  0,18.6 ,0.15
NEA ,     350988,Z0988       ,  0,16.8 ,0.15
NEA ,     351340,Z1340       ,  0,18.1 ,0.15
NEA ,     351508,Z1508       ,  0,19.6 ,0.15
NEA ,     351545,Z1545       ,  0,19.7 ,0.15
NEA ,     351815,Z1815       ,  0,18.4 ,0.15
NEA ,     353190,Z3190       ,  0,19.7 ,0.15
NEA ,     353938,Z3938       ,  0,18.1 ,0.15
NEA ,     354127,Z4127       ,  0,19.2 ,0.15
NEA ,     354332,Z4332       ,  0,18.2 ,0.15
NEA ,     354713,Z4713       ,  0,16.6 ,0.15
NEA ,     354876,Z4876       ,  0,18.5 ,0.15
NEA ,     354952,Z4952       ,  0,19.3 ,0.15
NEA ,     355770,Z5770       ,  0,18.4 ,0.15
NEA ,     357028,Z7028       ,  0,19.4 ,0.15
NEA ,     357058,Z7058       ,  0,20.1 ,0.15
NEA ,     357311,Z7311       ,  0,16.6 ,0.15
NEA ,     357414,Z7414       ,  0,18.3 ,0.15
NEA ,     357618,Z7618       ,  0,19.0 ,0.15
NEA ,     358453,Z8453       ,  0,19.8 ,0.15
NEA ,     358471,Z8471       ,  0,19.1 ,0.15
NEA ,     359369,Z9369       ,  0,18.5 ,0.15
NEA ,     359592,Z9592       ,  0,19.8 ,0.15
NEA ,     361071,a1071       ,  0,15.4 ,0.15
NEA ,     361123,a1123       ,  0,20.3 ,0.15
NEA ,     361518,a1518       ,  0,17.1 ,0.15
NEA ,     361611,a1611       ,  0,18.2 ,0.15
NEA ,     361689,a1689       ,  0,19.3 ,0.15
NEA ,     363071,a3071       ,  0,20.3 ,0.15
NEA ,     363344,a3344       ,  0,20.0 ,0.15
NEA ,     363734,a3734       ,  0,18.8 ,0.15
NEA ,     364136,a4136       ,  0,20.2 ,0.15
NEA ,     365246,a5246       ,  0,15.9 ,0.15
NEA ,     366470,a6470       ,  0,19.4 ,0.15
NEA ,     367390,a7390       ,  0,19.1 ,0.15
NEA ,     367525,a7525       ,  0,17.8 ,0.15
NEA ,     367638,a7638       ,  0,18.4 ,0.15
NEA ,     369296,a9296       ,  0,18.1 ,0.15
NEA ,     369452,a9452       ,  0,17.9 ,0.15
NEA ,     369984,a9984       ,  0,18.8 ,0.15
NEA ,     369986,a9986       ,  0,20.6 ,0.15
NEA ,     370037,b0037       ,  0,19.0 ,0.15
NEA ,     370061,b0061       ,  0,17.5 ,0.15
NEA ,     370688,b0688       ,  0,17.3 ,0.15
NEA ,     370702,b0702       ,  0,17.4 ,0.15
NEA ,     371973,b1973       ,  0,19.6 ,0.15
NEA ,     373135,b3135       ,  0,19.5 ,0.15
NEA ,     373428,b3428       ,  0,18.4 ,0.15
NEA ,     374038,b4038       ,  0,17.1 ,0.15
NEA ,     374855,b4855       ,  0,20.0 ,0.15
NEA ,     375054,b5054       ,  0,20.7 ,0.15
NEA ,     375103,b5103       ,  0,18.4 ,0.15
NEA ,     375505,b5505       ,  0,20.0 ,0.15
NEA ,     376788,b6788       ,  0,19.4 ,0.15
NEA ,     376848,b6848       ,  0,19.4 ,0.15
NEA ,     378160,b8160       ,  0,19.5 ,0.15
NEA ,     378358,b8358       ,  0,19.3 ,0.15
NEA ,     378610,b8610       ,  0,17.4 ,0.15
NEA ,     380128,c0128       ,  0,20.1 ,0.15
NEA ,     380455,c0455       ,  0,17.9 ,0.15
NEA ,     380524,c0524       ,  0,20.1 ,0.15
NEA ,     380929,c0929       ,  0,19.6 ,0.15
NEA ,     380981,c0981       ,  0,18.7 ,0.15
NEA ,     381906,c1906       ,  0,17.8 ,0.15
NEA ,     382503,c2503       ,  0,19.2 ,0.15
NEA ,     382825,c2825       ,  0,19.4 ,0.15
NEA ,     385186,c5186       ,  0,17.7 ,0.15
NEA ,     385252,c5252       ,  0,19.3 ,0.15
NEA ,     385268,c5268       ,  0,15.7 ,0.15
NEA ,     385423,c5423       ,  0,19.2 ,0.15
NEA ,     385580,c5580       ,  0,16.1 ,0.15
NEA ,     385605,c5605       ,  0,19.0 ,0.15
NEA ,     386281,c6281       ,  0,17.9 ,0.15
NEA ,     387668,c7668       ,  0,20.4 ,0.15
NEA ,     387717,c7717       ,  0,19.3 ,0.15
NEA ,     387733,c7733       ,  0,18.9 ,0.15
NEA ,     387816,c7816       ,  0,19.5 ,0.15
NEA ,     387871,c7871       ,  0,19.1 ,0.15
NEA ,     388188,c8188       ,  0,18.9 ,0.15
NEA ,     388798,c8798       ,  0,18.3 ,0.15
NEA ,     390522,d0522       ,  0,20.6 ,0.15
NEA ,     390929,d0929       ,  0,20.5 ,0.15
NEA ,     391451,d1451       ,  0,19.5 ,0.15
NEA ,     391508,d1508       ,  0,19.1 ,0.15
NEA ,     392476,d2476       ,  0,19.1 ,0.15
NEA ,     393569,d3569       ,  0,20.3 ,0.15
NEA ,     395289,d5289       ,  0,18.3 ,0.15
NEA ,     396593,d6593       ,  0,19.0 ,0.15
NEA ,     396730,d6730       ,  0,18.5 ,0.15
NEA ,     396793,d6793       ,  0,20.1 ,0.15
NEA ,     397326,d7326       ,  0,19.0 ,0.15
NEA ,     397471,d7471       ,  0,18.2 ,0.15
NEA ,     397474,d7474       ,  0,17.3 ,0.15
NEA ,     397847,d7847       ,  0,18.8 ,0.15
NEA ,     399307,d9307       ,  0,18.9 ,0.15
NEA ,     399308,d9308       ,  0,20.7 ,0.15
NEA ,     399611,d9611       ,  0,19.3 ,0.15
NEA ,     401857,e1857       ,  0,16.1 ,0.15
NEA ,     401998,e1998       ,  0,18.4 ,0.15
NEA ,     403039,e3039       ,  0,19.8 ,0.15
NEA ,     403247,e3247       ,  0,19.3 ,0.15
NEA ,     403775,e3775       ,  0,21.0 ,0.15
NEA ,     404108,e4108       ,  0,15.3 ,0.15
NEA ,     405189,e5189       ,  0,20.6 ,0.15
NEA ,     405212,e5212       ,  0,18.1 ,0.15
NEA ,     405427,e5427       ,  0,18.0 ,0.15
NEA ,     407338,e7338       ,  0,18.2 ,0.15
NEA ,     407653,e7653       ,  0,17.2 ,0.15
NEA ,     407656,e7656       ,  0,18.2 ,0.15
NEA ,     408751,e8751       ,  0,19.0 ,0.15
NEA ,     408752,e8752       ,  0,17.0 ,0.15
NEA ,     408869,e8869       ,  0,19.1 ,0.15
NEA ,     408980,e8980       ,  0,18.6 ,0.15
NEA ,     408982,e8982       ,  0,20.8 ,0.15
NEA ,     409256,e9256       ,  0,18.2 ,0.15
NEA ,     410195,f0195       ,  0,18.4 ,0.15
NEA ,     411201,f1201       ,  0,17.8 ,0.15
NEA ,     411655,f1655       ,  0,18.6 ,0.15
NEA ,     412976,f2976       ,  0,19.9 ,0.15
NEA ,     413021,f3021       ,  0,19.4 ,0.15
NEA ,     413038,f3038       ,  0,16.9 ,0.15
NEA ,     414429,f4429       ,  0,17.9 ,0.15
NEA ,     414903,f4903       ,  0,17.4 ,0.15
NEA ,     415715,f5715       ,  0,18.2 ,0.15
NEA ,     415949,f5949       ,  0,19.3 ,0.15
NEA ,     416002,f6002       ,  0,20.5 ,0.15
NEA ,     416186,f6186       ,  0,19.3 ,0.15
NEA ,     416217,f6217       ,  0,20.5 ,0.15
NEA ,     416680,f6680       ,  0,18.4 ,0.15
NEA ,     416804,f6804       ,  0,18.6 ,0.15
NEA ,     417167,f7167       ,  0,19.0 ,0.15
NEA ,     417201,f7201       ,  0,19.7 ,0.15
NEA ,     417211,f7211       ,  0,18.4 ,0.15
NEA ,     417871,f7871       ,  0,18.2 ,0.15
NEA ,     418233,f8233       ,  0,18.3 ,0.15
NEA ,     418896,f8896       ,  0,19.4 ,0.15
NEA ,     419022,f9022       ,  0,18.5 ,0.15
NEA ,     420048,g0048       ,  0,18.8 ,0.15
NEA ,     420187,g0187       ,  0,18.1 ,0.15
NEA ,     420210,g0210       ,  0,20.4 ,0.15
NEA ,     423210,g3210       ,  0,19.0 ,0.15
NEA ,     423747,g3747       ,  0,18.9 ,0.15
NEA ,     424965,g4965       ,  0,18.8 ,0.15
NEA ,     426071,g6071       ,  0,20.0 ,0.15
NEA ,     426082,g6082       ,  0,20.1 ,0.15
NEA ,     427499,g7499       ,  0,19.2 ,0.15
NEA ,     427643,g7643       ,  0,17.3 ,0.15
NEA ,     428681,g8681       ,  0,18.0 ,0.15
NEA ,     429073,g9073       ,  0,17.3 ,0.15
NEA ,     429094,g9094       ,  0,20.1 ,0.15
NEA ,     430544,h0544       ,  0,18.6 ,0.15
NEA ,     431760,h1760       ,  0,18.1 ,0.15
NEA ,     432226,h2226       ,  0,18.5 ,0.15
NEA ,     432509,h2509       ,  0,19.5 ,0.15
NEA ,     433939,h3939       ,  0,21.2 ,0.15
NEA ,     433953,h3953       ,  0,20.8 ,0.15
NEA ,     434053,h4053       ,  0,20.5 ,0.15
NEA ,     434196,h4196       ,  0,21.3 ,0.15
NEA ,     434633,h4633       ,  0,20.9 ,0.15
NEA ,     434786,h4786       ,  0,18.1 ,0.15
NEA ,     435441,h5441       ,  0,20.0 ,0.15
NEA ,     436568,h6568       ,  0,17.4 ,0.15
NEA ,     436774,h6774       ,  0,18.4 ,0.15
NEA ,     437844,h7844       ,  0,21.4 ,0.15
NEA ,     437905,h7905       ,  0,19.8 ,0.15
NEA ,     438017,h8017       ,  0,18.7 ,0.15
NEA ,     438116,h8116       ,  0,17.4 ,0.15
NEA ,     438661,h8661       ,  0,19.4 ,0.15
NEA ,     439854,h9854       ,  0,18.8 ,0.15
NEA ,     439877,h9877       ,  0,19.5 ,0.15
NEA ,     441825,i1825       ,  0,18.5 ,0.15
NEA ,     442559,i2559       ,  0,18.2 ,0.15
NEA ,     443880,i3880       ,  0,19.4 ,0.15
NEA ,     444004,i4004       ,  0,20.5 ,0.15
NEA ,     444628,i4628       ,  0,19.4 ,0.15
NEA ,     446791,i6791       ,  0,18.3 ,0.15
NEA ,     446804,i6804       ,  0,19.5 ,0.15
NEA ,     446938,i6938       ,  0,19.9 ,0.15
NEA ,     447221,i7221       ,  0,20.7 ,0.15
NEA ,     447755,i7755       ,  0,19.7 ,0.15
NEA ,     447795,i7795       ,  0,17.9 ,0.15
NEA ,     448818,i8818       ,  0,18.0 ,0.15
NEA ,     449074,i9074       ,  0,19.2 ,0.15
NEA ,     449074,i9074       ,  0,19.2 ,0.15
NEA ,     450143,j0143       ,  0,19.6 ,0.15
NEA ,     450293,j0293       ,  0,18.8 ,0.15
NEA ,     451003,j1003       ,  0,19.5 ,0.15
NEA ,     451297,j1297       ,  0,19.2 ,0.15
NEA ,     451370,j1370       ,  0,21.5 ,0.15
NEA ,     451370,j1370       ,  0,21.5 ,0.15
NEA ,     451397,j1397       ,  0,17.2 ,0.15
NEA ,     452307,j2307       ,  0,18.3 ,0.15
NEA ,     452376,j2376       ,  0,20.0 ,0.15
NEA ,     452807,j2807       ,  0,21.4 ,0.15
NEA ,     453309,j3309       ,  0,19.4 ,0.15
NEA ,     453707,j3707       ,  0,18.6 ,0.15
NEA ,     453778,j3778       ,  0,18.4 ,0.15
NEA ,     454078,j4078       ,  0,17.5 ,0.15
NEA ,     454266,j4266       ,  0,19.0 ,0.15
NEA ,     455148,j5148       ,  0,21.1 ,0.15
NEA ,     455199,j5199       ,  0,19.8 ,0.15
NEA ,     455407,j5407       ,  0,19.8 ,0.15
NEA ,     455594,j5594       ,  0,18.0 ,0.15
NEA ,     456301,j6301       ,  0,18.7 ,0.15
NEA ,     456863,j6863       ,  0,19.5 ,0.15
NEA ,     456898,j6898       ,  0,17.4 ,0.15
NEA ,     458062,j8062       ,  0,18.9 ,0.15
NEA ,     458368,j8368       ,  0,18.4 ,0.15
NEA ,     458452,j8452       ,  0,20.0 ,0.15
NEA ,     459200,j9200       ,  0,21.0 ,0.15
NEA ,     459683,j9683       ,  0,19.7 ,0.15
NEA ,     461501,k1501       ,  0,18.6 ,0.15
NEA ,     462559,k2559       ,  0,20.3 ,0.15
NEA ,     463664,k3664       ,  0,18.6 ,0.15
NEA ,     464639,k4639       ,  0,19.1 ,0.15
NEA ,     465616,k5616       ,  0,18.8 ,0.15
NEA ,     465617,k5617       ,  0,21.4 ,0.15
NEA ,     465633,k5633       ,  0,20.3 ,0.15
NEA ,     465853,k5853       ,  0,19.5 ,0.15
NEA ,     466053,k6053       ,  0,19.1 ,0.15
NEA ,     467317,k7317       ,  0,19.8 ,0.15
NEA ,     467351,k7351       ,  0,20.5 ,0.15
NEA ,     467475,k7475       ,  0,18.8 ,0.15
NEA ,     467609,k7609       ,  0,19.4 ,0.15
NEA ,     467917,k7917       ,  0,20.0 ,0.15
NEA ,     468004,k8004       ,  0,19.3 ,0.15
NEA ,     468446,k8446       ,  0,19.7 ,0.15
NEA ,     468541,k8541       ,  0,20.2 ,0.15
NEA ,     468684,k8684       ,  0,19.6 ,0.15
NEA ,     469634,k9634       ,  0,19.2 ,0.15
NEA ,     470310,l0310       ,  0,19.4 ,0.15
NEA ,     470510,l0510       ,  0,19.2 ,0.15
NEA ,     470909,l0909       ,  0,18.2 ,0.15
NEA ,     470951,l0951       ,  0,18.0 ,0.15
NEA ,     470975,l0975       ,  0,21.4 ,0.15
NEA ,     471034,l1034       ,  0,19.2 ,0.15
NEA ,     471108,l1108       ,  0,19.4 ,0.15
NEA ,     471323,l1323       ,  0,19.4 ,0.15
NEA ,     471926,l1926       ,  0,18.6 ,0.15
NEA ,    1986 NA,     J86N00A,  0,19.8 ,0.15
NEA ,    1988 NE,     J88N00E,  0,19.1 ,0.15
NEA ,    1989 AZ,     J89A00Z,  0,15.7 ,0.15
NEA ,    1990 UA,     J90U00A,  0,15.4 ,0.15
NEA ,    1992 BC,     J92B00C,  0,13.5 ,0.15
NEA ,    1993 RA,     J93R00A,  0,13.5 ,0.15
NEA ,    1993 UD,     J93U00D,  0,13.9 ,0.15
NEA ,    1995 CR,     J95C00R,  0,18.1 ,0.15
NEA ,    1995 LG,     J95L00G,  0,18.7 ,0.15
NEA ,    1995 SA,     J95S00A,  0,14.4 ,0.15
NEA ,   1996 AE2,     J96A02E,  0,20.3 ,0.15
NEA ,   1996 BA1,     J96B01A,  0,15.3 ,0.15
NEA ,    1996 EO,     J96E00O,  0,15.2 ,0.15
NEA ,   1996 FS1,     J96F01S,  0,17.4 ,0.15
NEA ,   1996 RG3,     J96R03G,  0,18.4 ,0.15
NEA ,   1996 TP6,     J96T06P,  0, 7.0 ,0.15
NEA ,  1996 TY11,     J96T11Y,  0,19.3 ,0.15
NEA ,  1996 XB27,     J96X27B,  0,21.7 ,0.15
NEA ,  1996 XX14,     J96X14X,  0,19.2 ,0.15
NEA ,  1997 GH28,     J97G28H,  0,17.7 ,0.15
NEA ,    1997 RT,     J97R00T,  0,13.7 ,0.15
NEA ,   1997 UH9,     J97U09H,  0,18.7 ,0.15
NEA ,   1997 US9,     J97U09S,  0,17.1 ,0.15
NEA ,  1997 WQ23,     J97W23Q,  0,20.7 ,0.15
NEA ,  1998 FF14,     J98F14F,  0,15.3 ,0.15
NEA ,   1998 FM9,     J98F09M,  0,15.2 ,0.15
NEA ,  1998 HH49,     J98H49H,  0,21.3 ,0.15
NEA ,    1998 KH,     J98K00H,  0,13.0 ,0.15
NEA ,   1998 KH9,     J98K09H,  0,18.5 ,0.15
NEA ,    1998 LD,     J98L00D,  0,19.9 ,0.15
NEA ,  1998 MR24,     J98M24R,  0,19.2 ,0.15
NEA ,   1998 MS2,     J98M02S,  0,13.5 ,0.15
NEA ,   1998 QA1,     J98Q01A,  0,15.3 ,0.15
NEA ,   1998 QE2,     J98Q02E,  0,15.2 ,0.15
NEA ,   1998 QH1,     J98Q01H,  0,15.5 ,0.15
NEA ,   1998 SD9,     J98S09D,  0,15.1 ,0.15
NEA ,  1998 SE36,     J98S36E,  0,19.6 ,0.15
NEA ,  1998 ST27,     J98S27T,  0,19.5 ,0.15
NEA ,   1998 SV4,     J98S04V,  0,14.2 ,0.15
NEA ,  1998 VE31,     J98V31E,  0,20.9 ,0.15
NEA ,  1998 VF32,     J98V32F,  0,21.1 ,0.15
NEA ,    1998 VO,     J98V00O,  0,13.5 ,0.15
NEA ,   1998 WC2,     J98W02C,  0,13.2 ,0.15
NEA ,   1998 WP7,     J98W07P,  0,19.8 ,0.15
NEA ,   1998 WT7,     J98W07T,  0,19.0 ,0.15
NEA ,   1998 WZ6,     J98W06Z,  0,17.3 ,0.15
NEA ,   1998 XM2,     J98X02M,  0,14.2 ,0.15
NEA ,  1998 YF10,     J98Y10F,  0,20.6 ,0.15
NEA ,  1999 AJ39,     J99A39J,  0,21.4 ,0.15
NEA ,   1999 CT8,     J99C08T,  0,14.0 ,0.15
NEA ,  1999 FJ21,     J99F21J,  0,20.3 ,0.15
NEA ,  1999 FP19,     J99F19P,  0,20.1 ,0.15
NEA ,   1999 HD1,     J99H01D,  0,20.3 ,0.15
NEA ,   1999 HW1,     J99H01W,  0, 6.8 ,0.15
NEA ,   1999 HY1,     J99H01Y,  0,18.1 ,0.15
NEA ,   1999 JE1,     J99J01E,  0,12.6 ,0.15
NEA ,   1999 JR6,     J99J06R,  0,13.9 ,0.15
NEA ,  1999 LD30,     J99L30D,  0,20.3 ,0.15
NEA ,  1999 LP28,     J99L28P,  0,20.1 ,0.15
NEA ,   1999 LS7,     J99L07S,  0,20.8 ,0.15
NEA ,   1999 OQ3,     J99O03Q,  0,20.1 ,0.15
NEA ,  1999 RH33,     J99R33H,  0,19.0 ,0.15
NEA ,  1999 RM45,     J99R45M,  0,19.4 ,0.15
NEA ,  1999 SG10,     J99S10G,  0,20.5 ,0.15
NEA ,  1999 SH10,     J99S10H,  0,22.6 ,0.15
NEA ,  1999 SH10,     J99S10H,  0,22.6 ,0.15
NEA ,  1999 TA10,     J99T10A,  0,14.2 ,0.15
NEA ,   1999 TX2,     J99T02X,  0,14.1 ,0.15
NEA ,    1999 UQ,     J99U00Q,  0,13.4 ,0.15
NEA ,    1999 UR,     J99U00R,  0,13.0 ,0.15
NEA ,  1999 VM11,     J99V11M,  0,13.8 ,0.15
NEA ,   1999 VS6,     J99V06S,  0,15.1 ,0.15
NEA ,  1999 XR35,     J99X35R,  0,17.9 ,0.15
NEA , 1999 XX262,     J99XQ2X,  0,18.1 ,0.15
NEA ,    1999 YC,     J99Y00C,  0,11.8 ,0.15
NEA ,   1999 YG3,     J99Y03G,  0,19.1 ,0.15
NEA , 2000 AD205,     K00AK5D,  0,18.6 ,0.15
NEA ,  2000 BH19,     K00B19H,  0,19.5 ,0.15
NEA ,  2000 CE59,     K00C59E,  0,20.5 ,0.15
NEA ,  2000 CH59,     K00C59H,  0,19.9 ,0.15
NEA ,  2000 CM33,     K00C33M,  0,20.8 ,0.15
NEA , 2000 CO101,     K00CA1O,  0,19.1 ,0.15
NEA ,   2000 DL8,     K00D08L,  0,14.1 ,0.15
NEA , 2000 DQ110,     K00DB0Q,  0,16.7 ,0.15
NEA , 2000 DV110,     K00DB0V,  0,19.6 ,0.15
NEA ,  2000 EB14,     K00E14B,  0,15.5 ,0.15
NEA ,  2000 ED14,     K00E14D,  0,14.3 ,0.15
NEA , 2000 EF104,     K00EA4F,  0,18.9 ,0.15
NEA ,  2000 EK26,     K00E26K,  0,18.2 ,0.15
NEA ,  2000 EL26,     K00E26L,  0,18.6 ,0.15
NEA , 2000 GV147,     K00GE7V,  0,19.3 ,0.15
NEA ,  2000 HD74,     K00H74D,  0,18.0 ,0.15
NEA ,   2000 JA3,     K00J03A,  0,14.7 ,0.15
NEA ,   2000 JE5,     K00J05E,  0,14.1 ,0.15
NEA ,  2000 JN10,     K00J10N,  0,17.7 ,0.15
NEA ,   2000 JY8,     K00J08Y,  0,16.3 ,0.15
NEA ,  2000 KL33,     K00K33L,  0,19.7 ,0.15
NEA ,    2000 LK,     K00L00K,  0,13.9 ,0.15
NEA ,  2000 OB22,     K00O22B,  0,17.0 ,0.15
NEA ,    2000 OH,     K00O00H,  0,13.3 ,0.15
NEA ,    2000 OM,     K00O00M,  0,13.3 ,0.15
NEA ,   2000 QU7,     K00Q07U,  0,14.7 ,0.15
NEA ,  2000 RH60,     K00R60H,  0,20.0 ,0.15
NEA ,  2000 RM12,     K00R12M,  0,16.7 ,0.15
NEA ,  2000 RN12,     K00R12N,  0,20.0 ,0.15
NEA ,  2000 RN77,     K00R77N,  0,19.5 ,0.15
NEA ,  2000 RS11,     K00R11S,  0,19.1 ,0.15
NEA ,  2000 SB25,     K00S25B,  0,14.9 ,0.15
NEA ,   2000 SB8,     K00S08B,  0,14.4 ,0.15
NEA ,    2000 SL,     K00S00L,  0,13.9 ,0.15
NEA ,  2000 SO10,     K00S10O,  0,15.8 ,0.15
NEA ,  2000 SR43,     K00S43R,  0,19.4 ,0.15
NEA ,   2000 TJ1,     K00T01J,  0,15.0 ,0.15
NEA ,  2000 TO64,     K00T64O,  0,17.0 ,0.15
NEA ,  2000 UW13,     K00U13W,  0,20.6 ,0.15
NEA ,   2000 WC1,     K00W01C,  0,12.6 ,0.15
NEA ,  2000 WP19,     K00W19P,  0,15.4 ,0.15
NEA ,  2000 WQ19,     K00W19Q,  0,14.5 ,0.15
NEA ,  2000 XK44,     K00X44K,  0,18.1 ,0.15
NEA ,  2000 YF29,     K00Y29F,  0,20.3 ,0.15
NEA ,   2000 YH4,     K00Y04H,  0,16.1 ,0.15
NEA ,  2000 YJ29,     K00Y29J,  0,17.9 ,0.15
NEA , 2000 YT134,     K00YD4T,  0,18.7 ,0.15
NEA ,  2001 AA50,     K01A50A,  0,18.7 ,0.15
NEA ,  2001 BF10,     K01B10F,  0,22.6 ,0.15
NEA ,  2001 BP61,     K01B61P,  0,20.2 ,0.15
NEA ,  2001 BY15,     K01B15Y,  0,19.1 ,0.15
NEA ,  2001 CK42,     K01C42K,  0,20.0 ,0.15
NEA ,  2001 CP36,     K01C36P,  0,23.7 ,0.15
NEA ,  2001 CQ36,     K01C36Q,  0,22.5 ,0.15
NEA ,   2001 DB3,     K01D03B,  0,12.3 ,0.15
NEA ,  2001 DC77,     K01D77C,  0,19.5 ,0.15
NEA ,  2001 DF47,     K01D47F,  0,20.2 ,0.15
NEA ,  2001 FZ57,     K01F57Z,  0,18.9 ,0.15
NEA ,   2001 GM2,     K01G02M,  0,19.9 ,0.15
NEA ,   2001 GQ2,     K01G02Q,  0,20.1 ,0.15
NEA ,   2001 HZ7,     K01H07Z,  0,19.8 ,0.15
NEA ,   2001 JW1,     K01J01W,  0,20.2 ,0.15
NEA ,    2001 LC,     K01L00C,  0,13.7 ,0.15
NEA ,   2001 LE6,     K01L06E,  0,17.8 ,0.15
NEA ,   2001 NZ1,     K01N01Z,  0,14.5 ,0.15
NEA ,  2001 OA14,     K01O14A,  0,18.4 ,0.15
NEA ,   2001 OE3,     K01O03E,  0,15.9 ,0.15
NEA ,    2001 OT,     K01O00T,  0,12.2 ,0.15
NEA ,    2001 OT,     K01O00T,  0,12.2 ,0.15
NEA ,   2001 PE1,     K01P01E,  0,15.3 ,0.15
NEA ,   2001 PT9,     K01P09T,  0,20.9 ,0.15
NEA ,  2001 QB34,     K01Q34B,  0,19.5 ,0.15
NEA ,  2001 QC34,     K01Q34C,  0,20.1 ,0.15
NEA ,  2001 QC96,     K01Q96C,  0,20.7 ,0.15
NEA ,  2001 QD96,     K01Q96D,  0,18.2 ,0.15
NEA , 2001 QH142,     K01QE2H,  0,18.4 ,0.15
NEA ,  2001 QH96,     K01Q96H,  0,18.3 ,0.15
NEA , 2001 QJ142,     K01QE2J,  0,23.7 ,0.15
NEA , 2001 QL153,     K01QF3L,  0,19.0 ,0.15
NEA , 2001 QM142,     K01QE2M,  0,22.6 ,0.15
NEA , 2001 QO142,     K01QE2O,  0,19.3 ,0.15
NEA ,  2001 RX11,     K01R11X,  0,16.5 ,0.15
NEA ,  2001 RY11,     K01R11Y,  0,15.9 ,0.15
NEA , 2001 SG276,     K01SR6G,  0,17.7 ,0.15
NEA , 2001 SG286,     K01SS6G,  0,20.9 ,0.15
NEA , 2001 SJ262,     K01SQ2J,  0,19.9 ,0.15
NEA ,   2001 SQ3,     K01S03Q,  0,13.6 ,0.15
NEA , 2001 SY269,     K01SQ9Y,  0,21.5 ,0.15
NEA ,  2001 TC45,     K01T45C,  0,19.2 ,0.15
NEA ,   2001 TE2,     K01T02E,  0,14.9 ,0.15
NEA ,  2001 TX44,     K01T44X,  0,19.2 ,0.15
NEA ,   2001 TZ1,     K01T01Z,  0,14.3 ,0.15
NEA ,  2001 UV16,     K01U16V,  0,13.9 ,0.15
NEA ,  2001 UW16,     K01U16W,  0,15.7 ,0.15
NEA ,   2001 UX4,     K01U04X,  0,15.2 ,0.15
NEA ,   2001 UY4,     K01U04Y,  0,14.7 ,0.15
NEA ,   2001 VB2,     K01V02B,  0,16.2 ,0.15
NEA ,  2001 VC76,     K01V76C,  0,19.7 ,0.15
NEA ,   2001 VK5,     K01V05K,  0,15.5 ,0.15
NEA ,   2001 VK5,     K01V05K,  0,15.5 ,0.15
NEA ,   2001 WN1,     K01W01N,  0,15.6 ,0.15
NEA ,    2001 XD,     K01X00D,  0,16.1 ,0.15
NEA ,   2001 XE1,     K01X01E,  0,14.7 ,0.15
NEA ,   2001 XF1,     K01X01F,  0,15.1 ,0.15
NEA ,  2001 XW10,     K01X10W,  0,15.4 ,0.15
NEA ,   2001 YF1,     K01Y01F,  0,15.1 ,0.15
NEA ,   2001 YU3,     K01Y03U,  0,16.4 ,0.15
NEA ,   2001 YV3,     K01Y03V,  0,16.2 ,0.15
NEA ,  2001 YX11,     K01Y11X,  0,14.1 ,0.15
NEA ,   2002 AD2,     K02A02D,  0,15.2 ,0.15
NEA , 2002 AJ129,     K02AC9J,  0,18.7 ,0.15
NEA ,   2002 AQ2,     K02A02Q,  0,14.2 ,0.15
NEA ,   2002 AX1,     K02A01X,  0,14.6 ,0.15
NEA ,  2002 CD14,     K02C14D,  0,14.6 ,0.15
NEA ,   2002 DJ5,     K02D05J,  0,19.8 ,0.15
NEA ,   2002 DY3,     K02D03Y,  0,18.4 ,0.15
NEA ,   2002 EM6,     K02E06M,  0,16.0 ,0.15
NEA ,   2002 EN7,     K02E07N,  0,15.7 ,0.15
NEA ,   2002 EZ2,     K02E02Z,  0,16.7 ,0.15
NEA ,   2002 FB6,     K02F06B,  0,17.8 ,0.15
NEA ,   2002 FQ5,     K02F05Q,  0,20.5 ,0.15
NEA ,   2002 GJ8,     K02G08J,  0,15.6 ,0.15
NEA ,   2002 GO5,     K02G05O,  0,15.8 ,0.15
NEA ,   2002 HF8,     K02H08F,  0,18.3 ,0.15
NEA ,  2002 HU11,     K02H11U,  0,17.9 ,0.15
NEA , 2002 JD109,     K02JA9D,  0,18.3 ,0.15
NEA ,   2002 JE9,     K02J09E,  0,15.6 ,0.15
NEA , 2002 JQ100,     K02JA0Q,  0,19.8 ,0.15
NEA ,   2002 JQ9,     K02J09Q,  0,16.6 ,0.15
NEA ,  2002 JW15,     K02J15W,  0,20.2 ,0.15
NEA ,   2002 JY8,     K02J08Y,  0,16.0 ,0.15
NEA ,   2002 KK3,     K02K03K,  0,18.8 ,0.15
NEA ,   2002 KL3,     K02K03L,  0,18.1 ,0.15
NEA ,  2002 LS32,     K02L32S,  0,18.3 ,0.15
NEA ,  2002 LT38,     K02L38T,  0,20.5 ,0.15
NEA ,    2002 LV,     K02L00V,  0,14.7 ,0.15
NEA ,    2002 LW,     K02L00W,  0,14.4 ,0.15
NEA ,    2002 LW,     K02L00W,  0,14.4 ,0.15
NEA ,   2002 MQ3,     K02M03Q,  0,18.5 ,0.15
NEA ,  2002 NE71,     K02N71E,  0,19.2 ,0.15
NEA ,   2002 NP1,     K02N01P,  0,16.6 ,0.15
NEA ,  2002 NW16,     K02N16W,  0,18.1 ,0.15
NEA ,  2002 OA22,     K02O22A,  0,19.4 ,0.15
NEA ,   2002 OM4,     K02O04M,  0,17.2 ,0.15
NEA ,   2002 OS4,     K02O04S,  0,18.3 ,0.15
NEA ,    2002 PB,     K02P00B,  0,14.7 ,0.15
NEA , 2002 PC130,     K02PD0C,  0,18.4 ,0.15
NEA , 2002 PE130,     K02PD0E,  0,18.2 ,0.15
NEA ,  2002 PG80,     K02P80G,  0,18.5 ,0.15
NEA ,  2002 PO75,     K02P75O,  0,19.1 ,0.15
NEA ,   2002 QE7,     K02Q07E,  0,16.4 ,0.15
NEA ,  2002 RD27,     K02R27D,  0,16.2 ,0.15
NEA ,  2002 RQ25,     K02R25Q,  0,17.1 ,0.15
NEA ,  2002 RR25,     K02R25R,  0,15.8 ,0.15
NEA , 2002 RT129,     K02RC9T,  0,19.5 ,0.15
NEA ,  2002 RT25,     K02R25T,  0,16.2 ,0.15
NEA ,  2002 RW25,     K02R25W,  0,15.9 ,0.15
NEA ,    2002 SQ,     K02S00Q,  0,14.1 ,0.15
NEA ,    2002 SR,     K02S00R,  0,14.3 ,0.15
NEA ,  2002 TB69,     K02T69B,  0,18.9 ,0.15
NEA ,  2002 TC60,     K02T60C,  0,18.4 ,0.15
NEA ,  2002 TD60,     K02T60D,  0,19.3 ,0.15
NEA ,  2002 TE66,     K02T66E,  0,18.4 ,0.15
NEA ,  2002 TN30,     K02T30N,  0,17.0 ,0.15
NEA , 2002 TR190,     K02TJ0R,  0,19.4 ,0.15
NEA ,  2002 TS67,     K02T67S,  0,18.9 ,0.15
NEA ,  2002 TS69,     K02T69S,  0,24.4 ,0.15
NEA ,  2002 TY68,     K02T68Y,  0,18.7 ,0.15
NEA ,  2002 UA31,     K02U31A,  0,19.0 ,0.15
NEA ,   2002 UN3,     K02U03N,  0,14.8 ,0.15
NEA ,   2002 UR3,     K02U03R,  0,15.6 ,0.15
NEA ,    2002 UX,     K02U00X,  0, 3.9 ,0.15
NEA ,  2002 UZ30,     K02U30Z,  0,19.5 ,0.15
NEA ,  2002 VC92,     K02V92C,  0,18.9 ,0.15
NEA ,  2002 VO85,     K02V85O,  0,21.6 ,0.15
NEA ,  2002 VP69,     K02V69P,  0,17.9 ,0.15
NEA , 2002 VU114,     K02VB4U,  0,22.8 ,0.15
NEA ,  2002 VV17,     K02V17V,  0,20.2 ,0.15
NEA ,    2002 WP,     K02W00P,  0,13.9 ,0.15
NEA ,   2002 WQ4,     K02W04Q,  0,19.6 ,0.15
NEA ,   2002 WZ2,     K02W02Z,  0,17.2 ,0.15
NEA ,  2002 XC91,     K02X91C,  0,19.7 ,0.15
NEA ,  2002 XM90,     K02X90M,  0,18.0 ,0.15
NEA ,  2002 XQ40,     K02X40Q,  0,22.4 ,0.15
NEA ,  2002 XZ38,     K02X38Z,  0,18.1 ,0.15
NEA ,   2002 YZ3,     K02Y03Z,  0,14.6 ,0.15
NEA ,   2003 AA3,     K03A03A,  0,13.9 ,0.15
NEA ,  2003 AF23,     K03A23F,  0,20.9 ,0.15
NEA ,  2003 AJ73,     K03A73J,  0,18.5 ,0.15
NEA ,  2003 AK18,     K03A18K,  0,19.8 ,0.15
NEA ,  2003 AK73,     K03A73K,  0,19.5 ,0.15
NEA ,  2003 AL73,     K03A73L,  0,19.4 ,0.15
NEA ,   2003 AY2,     K03A02Y,  0,16.7 ,0.15
NEA ,   2003 AZ2,     K03A02Z,  0,15.8 ,0.15
NEA ,  2003 BB21,     K03B21B,  0,20.9 ,0.15
NEA ,  2003 BT47,     K03B47T,  0,17.2 ,0.15
NEA ,    2003 CA,     K03C00A,  0,17.0 ,0.15
NEA ,  2003 DF16,     K03D16F,  0,19.9 ,0.15
NEA ,  2003 ED50,     K03E50D,  0,20.8 ,0.15
NEA ,  2003 EO16,     K03E16O,  0,20.5 ,0.15
NEA ,    2003 FB,     K03F00B,  0,14.8 ,0.15
NEA ,   2003 FC5,     K03F05C,  0,16.1 ,0.15
NEA ,    2003 FG,     K03F00G,  0,15.0 ,0.15
NEA ,    2003 FH,     K03F00H,  0,15.3 ,0.15
NEA ,   2003 FJ1,     K03F01J,  0,15.1 ,0.15
NEA ,   2003 FU3,     K03F03U,  0,16.4 ,0.15
NEA ,  2003 GB34,     K03G34B,  0,18.8 ,0.15
NEA ,    2003 GY,     K03G00Y,  0,15.4 ,0.15
NEA ,    2003 HB,     K03H00B,  0,15.3 ,0.15
NEA ,   2003 HF2,     K03H02F,  0,16.2 ,0.15
NEA ,  2003 HW11,     K03H11W,  0,17.5 ,0.15
NEA ,  2003 JC17,     K03J17C,  0,17.8 ,0.15
NEA ,  2003 JD13,     K03J13D,  0,19.8 ,0.15
NEA ,  2003 KQ18,     K03K18Q,  0,20.9 ,0.15
NEA ,  2003 KW16,     K03K16W,  0,20.1 ,0.15
NEA ,   2003 LN6,     K03L06N,  0,24.6 ,0.15
NEA ,   2003 MD7,     K03M07D,  0,20.1 ,0.15
NEA ,   2003 ME7,     K03M07E,  0,20.7 ,0.15
NEA ,   2003 MK4,     K03M04K,  0,20.9 ,0.15
NEA ,    2003 NC,     K03N00C,  0,13.7 ,0.15
NEA ,    2003 ND,     K03N00D,  0,15.1 ,0.15
NEA ,    2003 ND,     K03N00D,  0,15.1 ,0.15
NEA ,   2003 OA3,     K03O03A,  0,16.2 ,0.15
NEA ,    2003 OU,     K03O00U,  0,15.4 ,0.15
NEA ,    2003 OV,     K03O00V,  0,15.0 ,0.15
NEA ,  2003 PC11,     K03P11C,  0,17.2 ,0.15
NEA ,    2003 QA,     K03Q00A,  0,15.1 ,0.15
NEA ,  2003 QF70,     K03Q70F,  0,19.9 ,0.15
NEA ,    2003 RB,     K03R00B,  0,14.5 ,0.15
NEA ,   2003 RC2,     K03R02C,  0,16.6 ,0.15
NEA , 2003 SJ215,     K03SL5J,  0,19.4 ,0.15
NEA ,   2003 SL5,     K03S05L,  0,16.5 ,0.15
NEA ,  2003 SS84,     K03S84S,  0,21.8 ,0.15
NEA ,   2003 TJ2,     K03T02J,  0,17.2 ,0.15
NEA ,   2003 TL4,     K03T04L,  0,17.0 ,0.15
NEA ,  2003 UN12,     K03U12N,  0,16.1 ,0.15
NEA ,  2003 UR12,     K03U12R,  0,16.3 ,0.15
NEA ,  2003 UX34,     K03U34X,  0,20.1 ,0.15
NEA ,  2003 WB25,     K03W25B,  0,18.3 ,0.15
NEA , 2003 WD158,     K03WF8D,  0,18.8 ,0.15
NEA ,  2003 WL25,     K03W25L,  0,16.5 ,0.15
NEA ,   2003 WO7,     K03W07O,  0,16.6 ,0.15
NEA ,  2003 WR21,     K03W21R,  0,19.6 ,0.15
NEA ,    2003 YJ,     K03Y00J,  0,16.2 ,0.15
NEA ,    2003 YL,     K03Y00L,  0,15.8 ,0.15
NEA , 2003 YL118,     K03YB8L,  0,21.6 ,0.15
NEA ,   2003 YO1,     K03Y01O,  0,15.6 ,0.15
NEA ,  2003 YP17,     K03Y17P,  0,17.6 ,0.15
NEA , 2003 YS117,     K03YB7S,  0,18.2 ,0.15
NEA ,  2003 YS17,     K03Y17S,  0,16.1 ,0.15
NEA ,   2003 YX1,     K03Y01X,  0,14.9 ,0.15
NEA ,    2004 AH,     K04A00H,  0,15.0 ,0.15
NEA ,    2004 BB,     K04B00B,  0,15.8 ,0.15
NEA ,  2004 BD68,     K04B68D,  0,18.8 ,0.15
NEA ,  2004 BE68,     K04B68E,  0,18.4 ,0.15
NEA ,  2004 BE85,     K04B85E,  0,17.8 ,0.15
NEA ,  2004 BG11,     K04B11G,  0,16.8 ,0.15
NEA ,  2004 BG86,     K04B86G,  0,19.4 ,0.15
NEA ,  2004 BO41,     K04B41O,  0,18.0 ,0.15
NEA ,   2004 BV1,     K04B01V,  0,15.3 ,0.15
NEA ,   2004 BX1,     K04B01X,  0,14.9 ,0.15
NEA ,  2004 CE39,     K04C39E,  0,21.4 ,0.15
NEA ,    2004 DC,     K04D00C,  0,15.7 ,0.15
NEA ,  2004 FF29,     K04F29F,  0,18.1 ,0.15
NEA ,   2004 FU4,     K04F04U,  0,15.8 ,0.15
NEA ,  2004 FU64,     K04F64U,  0,17.8 ,0.15
NEA ,  2004 HX53,     K04H53X,  0,23.6 ,0.15
NEA ,  2004 JN13,     K04J13N,  0,15.3 ,0.15
NEA ,   2004 JQ1,     K04J01Q,  0,15.5 ,0.15
NEA ,    2004 JR,     K04J00R,  0,15.6 ,0.15
NEA ,  2004 JX20,     K04J20X,  0,19.4 ,0.15
NEA ,  2004 KH15,     K04K15H,  0,19.7 ,0.15
NEA ,  2004 KK17,     K04K17K,  0,18.3 ,0.15
NEA ,   2004 MB6,     K04M06B,  0,19.5 ,0.15
NEA ,    2004 MD,     K04M00D,  0,15.9 ,0.15
NEA ,   2004 MQ1,     K04M01Q,  0,18.0 ,0.15
NEA ,   2004 MQ6,     K04M06Q,  0,19.7 ,0.15
NEA ,   2004 PM2,     K04P02M,  0,16.6 ,0.15
NEA ,  2004 PS92,     K04P92S,  0,18.9 ,0.15
NEA ,  2004 QD14,     K04Q14D,  0,20.5 ,0.15
NEA ,   2004 QF1,     K04Q01F,  0,14.9 ,0.15
NEA ,   2004 QJ7,     K04Q07J,  0,18.5 ,0.15
NEA ,  2004 QT24,     K04Q24T,  0,18.3 ,0.15
NEA ,  2004 QV16,     K04Q16V,  0,18.1 ,0.15
NEA ,  2004 RX10,     K04R10X,  0,16.7 ,0.15
NEA , 2004 RX109,     K04RA9X,  0,18.1 ,0.15
NEA , 2004 RY109,     K04RA9Y,  0,19.0 ,0.15
NEA , 2004 RZ164,     K04RG4Z,  0,19.0 ,0.15
NEA ,   2004 SB1,     K04S01B,  0,15.0 ,0.15
NEA ,  2004 SB20,     K04S20B,  0,18.8 ,0.15
NEA ,  2004 SB56,     K04S56B,  0,19.2 ,0.15
NEA ,  2004 SW55,     K04S55W,  0,20.7 ,0.15
NEA ,  2004 TH10,     K04T10H,  0,15.0 ,0.15
NEA ,  2004 TK14,     K04T14K,  0,14.6 ,0.15
NEA ,   2004 TP1,     K04T01P,  0,15.8 ,0.15
NEA ,  2004 TP20,     K04T20P,  0,15.5 ,0.15
NEA ,  2004 TR12,     K04T12R,  0,14.9 ,0.15
NEA ,    2004 UL,     K04U00L,  0,15.2 ,0.15
NEA ,   2004 VA1,     K04V01A,  0,16.5 ,0.15
NEA ,    2004 VB,     K04V00B,  0,14.9 ,0.15
NEA ,    2004 VC,     K04V00C,  0,15.8 ,0.15
NEA ,    2004 VV,     K04V00V,  0,15.1 ,0.15
NEA ,   2004 WK1,     K04W01K,  0,21.0 ,0.15
NEA ,   2004 XE6,     K04X06E,  0,15.3 ,0.15
NEA ,    2004 XG,     K04X00G,  0,15.4 ,0.15
NEA ,  2004 XJ50,     K04X50J,  0,19.2 ,0.15
NEA ,  2004 XK14,     K04X14K,  0,13.7 ,0.15
NEA ,  2004 XL14,     K04X14L,  0,14.7 ,0.15
NEA ,  2004 XN14,     K04X14N,  0,16.9 ,0.15
NEA , 2004 XP164,     K04XG4P,  0,17.5 ,0.15
NEA ,  2004 XY60,     K04X60Y,  0,18.9 ,0.15
NEA ,    2004 YR,     K04Y00R,  0,16.4 ,0.15
NEA ,  2004 YZ23,     K04Y23Z,  0,15.2 ,0.15
NEA ,  2005 AD13,     K05A13D,  0,17.9 ,0.15
NEA ,   2005 BO1,     K05B01O,  0,16.4 ,0.15
NEA ,   2005 BT1,     K05B01T,  0,15.3 ,0.15
NEA ,   2005 BW1,     K05B01W,  0,15.8 ,0.15
NEA ,  2005 CF41,     K05C41F,  0,18.5 ,0.15
NEA ,  2005 CW25,     K05C25W,  0,18.8 ,0.15
NEA ,   2005 CZ6,     K05C06Z,  0,16.5 ,0.15
NEA ,    2005 DD,     K05D00D,  0,16.8 ,0.15
NEA ,    2005 EF,     K05E00F,  0,15.2 ,0.15
NEA ,    2005 EJ,     K05E00J,  0,15.3 ,0.15
NEA ,  2005 EQ95,     K05E95Q,  0,23.4 ,0.15
NEA ,  2005 ES70,     K05E70S,  0,23.8 ,0.15
NEA ,  2005 EZ29,     K05E29Z,  0,16.4 ,0.15
NEA ,   2005 FC3,     K05F03C,  0,19.1 ,0.15
NEA ,   2005 FE3,     K05F03E,  0,19.3 ,0.15
NEA ,    2005 FH,     K05F00H,  0,16.6 ,0.15
NEA ,    2005 GG,     K05G00G,  0,17.2 ,0.15
NEA ,   2005 GL9,     K05G09L,  0,15.7 ,0.15
NEA ,  2005 GQ21,     K05G21Q,  0,16.3 ,0.15
NEA ,    2005 GU,     K05G00U,  0,16.9 ,0.15
NEA ,    2005 HB,     K05H00B,  0,15.7 ,0.15
NEA ,   2005 HC3,     K05H03C,  0,17.8 ,0.15
NEA ,   2005 HN3,     K05H03N,  0,21.2 ,0.15
NEA ,  2005 JA22,     K05J22A,  0,18.6 ,0.15
NEA ,    2005 JB,     K05J00B,  0,16.6 ,0.15
NEA ,  2005 JE46,     K05J46E,  0,17.7 ,0.15
NEA ,   2005 JO3,     K05J03O,  0,17.1 ,0.15
NEA , 2005 JU108,     K05JA8U,  0,19.7 ,0.15
NEA ,   2005 LR3,     K05L03R,  0,16.3 ,0.15
NEA ,  2005 LW39,     K05L39W,  0,20.0 ,0.15
NEA ,  2005 LY19,     K05L19Y,  0,16.3 ,0.15
NEA ,    2005 MB,     K05M00B,  0,16.0 ,0.15
NEA ,    2005 MC,     K05M00C,  0,16.3 ,0.15
NEA ,  2005 ML13,     K05M13L,  0,22.4 ,0.15
NEA ,   2005 MR5,     K05M05R,  0,17.3 ,0.15
NEA ,  2005 NE21,     K05N21E,  0,21.2 ,0.15
NEA ,  2005 NJ63,     K05N63J,  0,21.0 ,0.15
NEA ,  2005 NW44,     K05N44W,  0,20.4 ,0.15
NEA ,  2005 NW44,     K05N44W,  0,20.4 ,0.15
NEA ,   2005 OU2,     K05O02U,  0,17.1 ,0.15
NEA ,    2005 QC,     K05Q00C,  0,16.3 ,0.15
NEA ,   2005 QC5,     K05Q05C,  0,16.8 ,0.15
NEA ,  2005 QG88,     K05Q88G,  0,20.4 ,0.15
NEA ,  2005 QS10,     K05Q10S,  0,15.3 ,0.15
NEA ,  2005 RD34,     K05R34D,  0,20.3 ,0.15
NEA ,  2005 SA71,     K05S71A,  0,18.8 ,0.15
NEA ,   2005 SP9,     K05S09P,  0,16.6 ,0.15
NEA ,  2005 TB15,     K05T15B,  0,17.3 ,0.15
NEA ,  2005 TF15,     K05T15F,  0,16.6 ,0.15
NEA ,  2005 TO45,     K05T45O,  0,19.8 ,0.15
NEA ,    2005 TP,     K05T00P,  0,16.6 ,0.15
NEA ,  2005 TR50,     K05T50R,  0,20.2 ,0.15
NEA ,  2005 TS15,     K05T15S,  0,16.7 ,0.15
NEA ,  2005 TY51,     K05T51Y,  0,17.6 ,0.15
NEA ,  2005 TZ51,     K05T51Z,  0,17.9 ,0.15
NEA ,    2005 UB,     K05U00B,  0,15.2 ,0.15
NEA ,   2005 UH6,     K05U06H,  0,16.2 ,0.15
NEA ,   2005 UK1,     K05U01K,  0,15.7 ,0.15
NEA , 2005 UN157,     K05UF7N,  0,18.2 ,0.15
NEA ,  2005 UT64,     K05U64T,  0,20.1 ,0.15
NEA ,   2005 UX5,     K05U05X,  0,15.7 ,0.15
NEA ,   2005 UY6,     K05U06Y,  0,15.0 ,0.15
NEA ,   2005 VC2,     K05V02C,  0,17.1 ,0.15
NEA ,   2005 VO5,     K05V05O,  0,17.6 ,0.15
NEA ,   2005 VR7,     K05V07R,  0,15.6 ,0.15
NEA ,   2005 WC1,     K05W01C,  0,15.0 ,0.15
NEA ,   2005 WD1,     K05W01D,  0,16.0 ,0.15
NEA ,   2005 WR2,     K05W02R,  0,17.4 ,0.15
NEA ,   2005 XD1,     K05X01D,  0,16.9 ,0.15
NEA ,   2005 XE1,     K05X01E,  0,17.1 ,0.15
NEA ,   2005 XH8,     K05X08H,  0,18.0 ,0.15
NEA ,   2005 XK8,     K05X08K,  0,17.1 ,0.15
NEA ,   2005 XN4,     K05X04N,  0,17.9 ,0.15
NEA ,  2005 XT77,     K05X77T,  0,21.2 ,0.15
NEA ,  2005 XV77,     K05X77V,  0,20.6 ,0.15
NEA ,  2005 XW77,     K05X77W,  0,20.7 ,0.15
NEA ,    2005 XY,     K05X00Y,  0,15.3 ,0.15
NEA ,    2005 YS,     K05Y00S,  0,16.1 ,0.15
NEA , 2005 YS165,     K05YG5S,  0,17.5 ,0.15
NEA ,   2005 YU3,     K05Y03U,  0,15.2 ,0.15
NEA ,    2006 AD,     K06A00D,  0,13.5 ,0.15
NEA ,   2006 AL3,     K06A03L,  0,16.4 ,0.15
NEA ,   2006 AL8,     K06A08L,  0,16.4 ,0.15
NEA ,   2006 AM4,     K06A04M,  0,15.1 ,0.15
NEA ,   2006 AN4,     K06A04N,  0,16.3 ,0.15
NEA ,   2006 AT2,     K06A02T,  0,17.1 ,0.15
NEA , 2006 BA148,     K06BE8A,  0,18.4 ,0.15
NEA ,   2006 BA9,     K06B09A,  0,16.6 ,0.15
NEA ,  2006 BB27,     K06B27B,  0,15.4 ,0.15
NEA ,  2006 BE55,     K06B55E,  0,21.9 ,0.15
NEA ,   2006 BN6,     K06B06N,  0,14.8 ,0.15
NEA ,   2006 BZ7,     K06B07Z,  0,16.7 ,0.15
NEA ,    2006 CF,     K06C00F,  0,15.9 ,0.15
NEA ,    2006 CS,     K06C00S,  0,16.4 ,0.15
NEA ,    2006 CT,     K06C00T,  0,12.7 ,0.15
NEA ,   2006 CT9,     K06C09T,  0,20.4 ,0.15
NEA ,  2006 DQ62,     K06D62Q,  0,19.5 ,0.15
NEA ,  2006 DU62,     K06D62U,  0,18.0 ,0.15
NEA ,   2006 EC1,     K06E01C,  0,16.2 ,0.15
NEA ,  2006 EV52,     K06E52V,  0,16.7 ,0.15
NEA ,  2006 FC35,     K06F35C,  0,21.1 ,0.15
NEA ,    2006 FE,     K06F00E,  0,15.5 ,0.15
NEA ,  2006 FH36,     K06F36H,  0,22.9 ,0.15
NEA ,  2006 FH36,     K06F36H,  0,22.9 ,0.15
NEA ,    2006 FK,     K06F00K,  0,14.9 ,0.15
NEA ,   2006 FK9,     K06F09K,  0,20.9 ,0.15
NEA ,    2006 FX,     K06F00X,  0,15.8 ,0.15
NEA ,  2006 FY35,     K06F35Y,  0,19.4 ,0.15
NEA ,    2006 GB,     K06G00B,  0,16.4 ,0.15
NEA ,   2006 GT3,     K06G03T,  0,15.7 ,0.15
NEA ,    2006 GU,     K06G00U,  0,16.1 ,0.15
NEA ,  2006 HJ18,     K06H18J,  0,21.8 ,0.15
NEA ,  2006 HT30,     K06H30T,  0,20.2 ,0.15
NEA ,   2006 HV5,     K06H05V,  0,16.5 ,0.15
NEA ,  2006 HV57,     K06H57V,  0,18.5 ,0.15
NEA ,    2006 JF,     K06J00F,  0,15.9 ,0.15
NEA ,  2006 JU41,     K06J41U,  0,19.3 ,0.15
NEA ,  2006 JZ25,     K06J25Z,  0,19.0 ,0.15
NEA ,    2006 KA,     K06K00A,  0,15.7 ,0.15
NEA ,  2006 KF89,     K06K89F,  0,18.5 ,0.15
NEA ,  2006 KL21,     K06K21L,  0,20.9 ,0.15
NEA ,   2006 KR1,     K06K01R,  0,15.4 ,0.15
NEA ,  2006 KV86,     K06K86V,  0,18.7 ,0.15
NEA ,    2006 LF,     K06L00F,  0,16.1 ,0.15
NEA ,  2006 MD12,     K06M12D,  0,19.4 ,0.15
NEA ,    2006 NL,     K06N00L,  0,20.0 ,0.15
NEA ,    2006 NM,     K06N00M,  0,16.3 ,0.15
NEA ,   2006 OA5,     K06O05A,  0,19.7 ,0.15
NEA ,   2006 OD7,     K06O07D,  0,19.3 ,0.15
NEA ,   2006 OS9,     K06O09S,  0,17.8 ,0.15
NEA ,  2006 PY17,     K06P17Y,  0,19.2 ,0.15
NEA ,  2006 QA58,     K06Q58A,  0,20.4 ,0.15
NEA ,    2006 QE,     K06Q00E,  0,16.0 ,0.15
NEA ,  2006 RA55,     K06R55A,  0,19.4 ,0.15
NEA ,   2006 RJ1,     K06R01J,  0,17.1 ,0.15
NEA ,   2006 SC6,     K06S06C,  0,16.6 ,0.15
NEA ,   2006 SD6,     K06S06D,  0,15.3 ,0.15
NEA ,   2006 SF6,     K06S06F,  0,16.1 ,0.15
NEA ,  2006 SO19,     K06S19O,  0,16.0 ,0.15
NEA ,  2006 SO78,     K06S78O,  0,18.9 ,0.15
NEA ,  2006 SV19,     K06S19V,  0,17.7 ,0.15
NEA ,   2006 SW5,     K06S05W,  0,15.0 ,0.15
NEA ,   2006 SY5,     K06S05Y,  0,14.3 ,0.15
NEA , 2006 SZ217,     K06SL7Z,  0,17.4 ,0.15
NEA ,   2006 TS7,     K06T07S,  0,15.5 ,0.15
NEA ,    2006 UA,     K06U00A,  0,15.2 ,0.15
NEA , 2006 UL185,     K06UI5L,  0,21.2 ,0.15
NEA ,  2006 UQ17,     K06U17Q,  0,16.9 ,0.15
NEA , 2006 UR216,     K06UL6R,  0,19.7 ,0.15
NEA ,   2006 UX1,     K06U01X,  0,14.9 ,0.15
NEA ,  2006 VD13,     K06V13D,  0,17.3 ,0.15
NEA ,   2006 VD2,     K06V02D,  0,17.6 ,0.15
NEA ,   2006 VW2,     K06V02W,  0,17.3 ,0.15
NEA , 2006 WE129,     K06WC9E,  0,19.5 ,0.15
NEA ,   2006 WJ3,     K06W03J,  0,16.6 ,0.15
NEA ,   2006 WL3,     K06W03L,  0,17.6 ,0.15
NEA , 2006 WO127,     K06WC7O,  0,16.3 ,0.15
NEA ,   2006 WO3,     K06W03O,  0,17.5 ,0.15
NEA , 2006 WP127,     K06WC7P,  0,18.4 ,0.15
NEA , 2006 WR127,     K06WC7R,  0,20.3 ,0.15
NEA ,  2006 WT29,     K06W29T,  0,19.7 ,0.15
NEA ,   2006 WY2,     K06W02Y,  0,17.1 ,0.15
NEA ,   2006 WZ2,     K06W02Z,  0,17.8 ,0.15
NEA ,   2006 XD2,     K06X02D,  0,15.4 ,0.15
NEA ,   2006 XF1,     K06X01F,  0,16.7 ,0.15
NEA ,   2006 XJ1,     K06X01J,  0,16.5 ,0.15
NEA ,    2006 YF,     K06Y00F,  0,16.9 ,0.15
NEA ,   2006 YY2,     K06Y02Y,  0,17.0 ,0.15
NEA ,  2007 AE12,     K07A12E,  0,19.5 ,0.15
NEA ,   2007 AF2,     K07A02F,  0,16.8 ,0.15
NEA ,  2007 AS12,     K07A12S,  0,19.1 ,0.15
NEA ,    2007 BG,     K07B00G,  0,15.4 ,0.15
NEA ,   2007 BM8,     K07B08M,  0,17.4 ,0.15
NEA ,   2007 BT2,     K07B02T,  0,17.4 ,0.15
NEA ,  2007 BX48,     K07B48X,  0,20.1 ,0.15
NEA ,  2007 CA19,     K07C19A,  0,17.6 ,0.15
NEA ,  2007 CA27,     K07C27A,  0,21.3 ,0.15
NEA ,  2007 CT26,     K07C26T,  0,23.4 ,0.15
NEA ,   2007 DK8,     K07D08K,  0,17.0 ,0.15
NEA ,  2007 DM41,     K07D41M,  0,21.9 ,0.15
NEA , 2007 DU103,     K07DA3U,  0,17.7 ,0.15
NEA ,    2007 DW,     K07D00W,  0,15.3 ,0.15
NEA ,  2007 DY40,     K07D40Y,  0,21.1 ,0.15
NEA ,  2007 EL88,     K07E88L,  0,19.0 ,0.15
NEA ,  2007 EP88,     K07E88P,  0,18.5 ,0.15
NEA ,    2007 EZ,     K07E00Z,  0,16.1 ,0.15
NEA ,   2007 FH1,     K07F01H,  0,15.7 ,0.15
NEA ,   2007 FK3,     K07F03K,  0,13.7 ,0.15
NEA ,   2007 GS3,     K07G03S,  0,17.0 ,0.15
NEA ,   2007 GW4,     K07G04W,  0,16.9 ,0.15
NEA ,    2007 HR,     K07H00R,  0,14.7 ,0.15
NEA ,   2007 HX4,     K07H04X,  0,16.6 ,0.15
NEA ,  2007 JF22,     K07J22F,  0,16.0 ,0.15
NEA ,    2007 KJ,     K07K00J,  0,16.2 ,0.15
NEA ,  2007 LC15,     K07L15C,  0,18.6 ,0.15
NEA ,  2007 LQ19,     K07L19Q,  0,17.1 ,0.15
NEA ,  2007 MC24,     K07M24C,  0,19.5 ,0.15
NEA ,    2007 MG,     K07M00G,  0,16.1 ,0.15
NEA ,  2007 MK13,     K07M13K,  0,20.0 ,0.15
NEA ,   2007 MK6,     K07M06K,  0,20.3 ,0.15
NEA ,  2007 ML13,     K07M13L,  0,20.1 ,0.15
NEA ,   2007 RF5,     K07R05F,  0,15.8 ,0.15
NEA ,   2007 RN7,     K07R07N,  0,16.6 ,0.15
NEA , 2007 RQ133,     K07RD3Q,  0,18.8 ,0.15
NEA ,   2007 RT9,     K07R09T,  0,15.6 ,0.15
NEA ,  2007 RU10,     K07R10U,  0,17.9 ,0.15
NEA ,  2007 RU12,     K07R12U,  0,17.0 ,0.15
NEA ,  2007 SE11,     K07S11E,  0,17.8 ,0.15
NEA ,    2007 SJ,     K07S00J,  0,17.3 ,0.15
NEA ,   2007 SP6,     K07S06P,  0,18.1 ,0.15
NEA ,   2007 SW2,     K07S02W,  0,21.4 ,0.15
NEA ,  2007 TB23,     K07T23B,  0,16.7 ,0.15
NEA ,  2007 TG15,     K07T15G,  0,17.0 ,0.15
NEA ,  2007 TG25,     K07T25G,  0,15.7 ,0.15
NEA ,  2007 TL23,     K07T23L,  0,17.2 ,0.15
NEA ,  2007 TQ24,     K07T24Q,  0,15.1 ,0.15
NEA ,  2007 TR24,     K07T24R,  0,16.3 ,0.15
NEA ,  2007 TV18,     K07T18V,  0,15.5 ,0.15
NEA ,  2007 TW68,     K07T68W,  0,19.3 ,0.15
NEA ,   2007 UY1,     K07U01Y,  0,16.9 ,0.15
NEA , 2007 VC138,     K07VD8C,  0,19.4 ,0.15
NEA ,  2007 VD12,     K07V12D,  0,16.9 ,0.15
NEA , 2007 VK184,     K07VI4K,  0,22.0 ,0.15
NEA , 2007 VL243,     K07VO3L,  0,17.8 ,0.15
NEA , 2007 VZ137,     K07VD7Z,  0,21.6 ,0.15
NEA ,   2007 WB5,     K07W05B,  0,17.2 ,0.15
NEA ,   2007 WY3,     K07W03Y,  0,15.9 ,0.15
NEA ,  2007 XF25,     K07X25F,  0,21.4 ,0.15
NEA ,  2007 XH16,     K07X16H,  0,19.6 ,0.15
NEA ,  2007 XJ20,     K07X20J,  0,18.5 ,0.15
NEA ,   2007 YF1,     K07Y01F,  0,16.5 ,0.15
NEA ,  2007 YM56,     K07Y56M,  0,22.3 ,0.15
NEA ,  2007 YQ56,     K07Y56Q,  0,19.9 ,0.15
NEA ,  2007 YV29,     K07Y29V,  0,19.0 ,0.15
NEA ,  2008 AN33,     K08A33N,  0,19.0 ,0.15
NEA ,  2008 AZ30,     K08A30Z,  0,21.9 ,0.15
NEA ,   2008 BX2,     K08B02X,  0,17.8 ,0.15
NEA ,  2008 CB22,     K08C22B,  0,19.7 ,0.15
NEA , 2008 CC175,     K08CH5C,  0,21.3 ,0.15
NEA ,   2008 CH1,     K08C01H,  0,16.8 ,0.15
NEA ,  2008 CL72,     K08C72L,  0,19.8 ,0.15
NEA ,  2008 CZ21,     K08C21Z,  0,16.4 ,0.15
NEA ,   2008 DL5,     K08D05L,  0,15.6 ,0.15
NEA ,  2008 EC69,     K08E69C,  0,17.1 ,0.15
NEA ,   2008 EE5,     K08E05E,  0,17.9 ,0.15
NEA ,    2008 EG,     K08E00G,  0,15.2 ,0.15
NEA ,    2008 EJ,     K08E00J,  0,17.5 ,0.15
NEA ,    2008 EL,     K08E00L,  0,16.5 ,0.15
NEA ,   2008 EN6,     K08E06N,  0,16.0 ,0.15
NEA ,  2008 EY68,     K08E68Y,  0,22.0 ,0.15
NEA ,    2008 FN,     K08F00N,  0,15.9 ,0.15
NEA ,   2008 GA4,     K08G04A,  0,16.4 ,0.15
NEA ,    2008 GD,     K08G00D,  0,15.5 ,0.15
NEA ,    2008 GF,     K08G00F,  0,16.2 ,0.15
NEA , 2008 GJ110,     K08GB0J,  0,20.5 ,0.15
NEA ,  2008 GP20,     K08G20P,  0,19.4 ,0.15
NEA ,   2008 GV3,     K08G03V,  0,16.6 ,0.15
NEA ,    2008 GX,     K08G00X,  0,12.8 ,0.15
NEA ,    2008 JJ,     K08J00J,  0,15.7 ,0.15
NEA ,  2008 JM20,     K08J20M,  0,21.0 ,0.15
NEA ,  2008 JO24,     K08J24O,  0,18.9 ,0.15
NEA ,   2008 KD6,     K08K06D,  0,19.7 ,0.15
NEA ,   2008 KV2,     K08K02V,  0,16.7 ,0.15
NEA ,  2008 LN16,     K08L16N,  0,19.9 ,0.15
NEA ,  2008 LQ16,     K08L16Q,  0,20.1 ,0.15
NEA ,   2008 MG1,     K08M01G,  0,19.9 ,0.15
NEA ,   2008 MR1,     K08M01R,  0,18.3 ,0.15
NEA ,   2008 NO3,     K08N03O,  0,18.7 ,0.15
NEA ,    2008 OO,     K08O00O,  0,15.8 ,0.15
NEA ,   2008 OX1,     K08O01X,  0,15.4 ,0.15
NEA ,   2008 PF1,     K08P01F,  0,18.1 ,0.15
NEA ,   2008 PR9,     K08P09R,  0,22.5 ,0.15
NEA ,    2008 QB,     K08Q00B,  0,15.1 ,0.15
NEA ,  2008 QV11,     K08Q11V,  0,21.0 ,0.15
NEA ,  2008 RG98,     K08R98G,  0,17.1 ,0.15
NEA ,   2008 RH1,     K08R01H,  0,14.8 ,0.15
NEA ,  2008 RM98,     K08R98M,  0,20.4 ,0.15
NEA , 2008 RP108,     K08RA8P,  0,20.1 ,0.15
NEA ,  2008 SD85,     K08S85D,  0,22.9 ,0.15
NEA ,  2008 SE85,     K08S85E,  0,19.8 ,0.15
NEA ,    2008 SQ,     K08S00Q,  0,16.3 ,0.15
NEA ,   2008 SQ7,     K08S07Q,  0,17.6 ,0.15
NEA ,   2008 SU1,     K08S01U,  0,15.6 ,0.15
NEA ,  2008 TB27,     K08T27B,  0,18.4 ,0.15
NEA ,   2008 TC4,     K08T04C,  0,15.7 ,0.15
NEA ,    2008 UC,     K08U00C,  0,15.7 ,0.15
NEA ,   2008 UE7,     K08U07E,  0,17.2 ,0.15
NEA ,   2008 UF7,     K08U07F,  0,15.6 ,0.15
NEA ,  2008 UW91,     K08U91W,  0,21.6 ,0.15
NEA ,    2008 VH,     K08V00H,  0,15.9 ,0.15
NEA ,   2008 VU4,     K08V04U,  0,15.1 ,0.15
NEA ,  2008 WK32,     K08W32K,  0,19.2 ,0.15
NEA ,  2008 WL64,     K08W64L,  0,18.7 ,0.15
NEA ,   2008 XB1,     K08X01B,  0,16.7 ,0.15
NEA ,  2008 YX32,     K08Y32X,  0,20.8 ,0.15
NEA ,  2009 AH16,     K09A16H,  0,17.6 ,0.15
NEA ,  2009 AM15,     K09A15M,  0,18.8 ,0.15
NEA ,    2009 BB,     K09B00B,  0,16.4 ,0.15
NEA ,  2009 BB11,     K09B11B,  0,16.9 ,0.15
NEA ,   2009 BD2,     K09B02D,  0,15.8 ,0.15
NEA ,  2009 BE58,     K09B58E,  0,21.8 ,0.15
NEA ,  2009 BH81,     K09B81H,  0,19.5 ,0.15
NEA ,  2009 BJ58,     K09B58J,  0,19.1 ,0.15
NEA ,   2009 CA2,     K09C02A,  0,17.5 ,0.15
NEA ,   2009 CR4,     K09C04R,  0,17.3 ,0.15
NEA ,   2009 CS1,     K09C01S,  0,16.7 ,0.15
NEA ,   2009 CS5,     K09C05S,  0,16.2 ,0.15
NEA ,    2009 CT,     K09C00T,  0,17.0 ,0.15
NEA ,  2009 DE47,     K09D47E,  0,18.7 ,0.15
NEA ,   2009 DF1,     K09D01F,  0,17.3 ,0.15
NEA ,   2009 DR3,     K09D03R,  0,16.4 ,0.15
NEA ,   2009 EB1,     K09E01B,  0,15.2 ,0.15
NEA ,  2009 FF19,     K09F19F,  0,21.3 ,0.15
NEA ,   2009 FG1,     K09F01G,  0,15.2 ,0.15
NEA ,   2009 FU4,     K09F04U,  0,17.6 ,0.15
NEA ,   2009 FV4,     K09F04V,  0,17.3 ,0.15
NEA ,  2009 HD21,     K09H21D,  0,18.2 ,0.15
NEA ,  2009 HF88,     K09H88F,  0,19.3 ,0.15
NEA ,   2009 HV2,     K09H02V,  0,15.6 ,0.15
NEA ,  2009 HY67,     K09H67Y,  0,22.0 ,0.15
NEA ,   2009 JK1,     K09J01K,  0,17.4 ,0.15
NEA ,    2009 KK,     K09K00K,  0,16.5 ,0.15
NEA ,   2009 KK8,     K09K08K,  0,18.7 ,0.15
NEA ,   2009 KN4,     K09K04N,  0,18.3 ,0.15
NEA ,  2009 KT21,     K09K21T,  0,19.8 ,0.15
NEA ,   2009 KV2,     K09K02V,  0,17.4 ,0.15
NEA ,   2009 LW2,     K09L02W,  0,19.7 ,0.15
NEA ,   2009 ML1,     K09M01L,  0,16.0 ,0.15
NEA ,   2009 MX6,     K09M06X,  0,19.2 ,0.15
NEA ,   2009 OO9,     K09O09O,  0,18.8 ,0.15
NEA ,    2009 PY,     K09P00Y,  0,15.7 ,0.15
NEA ,   2009 QL8,     K09Q08L,  0,19.5 ,0.15
NEA ,    2009 QO,     K09Q00O,  0,16.7 ,0.15
NEA , 2009 SC229,     K09SM9C,  0,19.0 ,0.15
NEA ,   2009 SK2,     K09S02K,  0,16.8 ,0.15
NEA , 2009 SQ172,     K09SH2Q,  0,18.6 ,0.15
NEA ,  2009 ST19,     K09S19T,  0,15.5 ,0.15
NEA ,   2009 TC8,     K09T08C,  0,18.8 ,0.15
NEA ,   2009 TK8,     K09T08K,  0,20.2 ,0.15
NEA ,   2009 UE2,     K09U02E,  0,16.6 ,0.15
NEA ,   2009 UP5,     K09U05P,  0,16.2 ,0.15
NEA ,  2009 UX19,     K09U19X,  0,18.9 ,0.15
NEA ,    2009 VZ,     K09V00Z,  0,17.2 ,0.15
NEA , 2009 WE253,     K09WP3E,  0,17.9 ,0.15
NEA ,   2009 WK6,     K09W06K,  0,17.0 ,0.15
NEA ,   2009 WL1,     K09W01L,  0,16.3 ,0.15
NEA , 2009 WM139,     K09WD9M,  0,18.6 ,0.15
NEA , 2009 WO106,     K09WA6O,  0,19.1 ,0.15
NEA ,  2009 WP25,     K09W25P,  0,15.7 ,0.15
NEA ,  2009 WR25,     K09W25R,  0,15.2 ,0.15
NEA ,  2009 WV25,     K09W25V,  0,16.8 ,0.15
NEA ,   2009 XG8,     K09X08G,  0,18.8 ,0.15
NEA ,   2010 AK2,     K10A02K,  0,15.5 ,0.15
NEA ,  2010 AO60,     K10A60O,  0,21.8 ,0.15
NEA , 2010 CC180,     K10CI0C,  0,18.7 ,0.15
NEA ,  2010 CG19,     K10C19G,  0,19.5 ,0.15
NEA ,  2010 CH55,     K10C55H,  0,19.6 ,0.15
NEA ,   2010 CR1,     K10C01R,  0,16.8 ,0.15
NEA ,    2010 CT,     K10C00T,  0,17.5 ,0.15
NEA ,    2010 DM,     K10D00M,  0,17.8 ,0.15
NEA ,  2010 EJ43,     K10E43J,  0,21.0 ,0.15
NEA ,  2010 EW45,     K10E45W,  0,17.7 ,0.15
NEA ,  2010 GJ65,     K10G65J,  0,21.1 ,0.15
NEA ,  2010 GP67,     K10G67P,  0,22.4 ,0.15
NEA ,  2010 HG20,     K10H20G,  0,21.4 ,0.15
NEA ,    2010 JF,     K10J00F,  0,16.7 ,0.15
NEA ,    2010 JF,     K10J00F,  0,16.7 ,0.15
NEA ,  2010 KR10,     K10K10R,  0,16.8 ,0.15
NEA ,  2010 KU10,     K10K10U,  0,19.5 ,0.15
NEA ,  2010 LL34,     K10L34L,  0,19.4 ,0.15
NEA ,  2010 LM68,     K10L68M,  0,20.8 ,0.15
NEA ,   2010 MH1,     K10M01H,  0,16.7 ,0.15
NEA ,   2010 NR1,     K10N01R,  0,15.4 ,0.15
NEA ,   2010 OQ1,     K10O01Q,  0,16.3 ,0.15
NEA ,  2010 PR10,     K10P10R,  0,21.6 ,0.15
NEA , 2010 RA147,     K10RE7A,  0,19.3 ,0.15
NEA ,  2010 RM42,     K10R42M,  0,18.6 ,0.15
NEA ,  2010 RO82,     K10R82O,  0,16.9 ,0.15
NEA ,   2010 SR3,     K10S03R,  0,16.3 ,0.15
NEA ,  2010 TA55,     K10T55A,  0,22.0 ,0.15
NEA ,   2010 TJ7,     K10T07J,  0,16.5 ,0.15
NEA ,   2010 UE7,     K10U07E,  0,15.8 ,0.15
NEA ,   2010 UK8,     K10U08K,  0,16.8 ,0.15
NEA ,   2010 UX7,     K10U07X,  0,17.1 ,0.15
NEA ,    2010 VE,     K10V00E,  0,15.4 ,0.15
NEA ,   2010 VF1,     K10V01F,  0,15.7 ,0.15
NEA , 2010 VK188,     K10VI8K,  0,18.5 ,0.15
NEA ,  2010 VN65,     K10V65N,  0,20.2 ,0.15
NEA ,   2010 WQ7,     K10W07Q,  0,16.9 ,0.15
NEA ,   2010 WT8,     K10W08T,  0,21.9 ,0.15
NEA ,  2010 XA68,     K10X68A,  0,21.9 ,0.15
NEA ,  2010 XC15,     K10X15C,  0,21.4 ,0.15
NEA ,  2010 XC24,     K10X24C,  0,20.0 ,0.15
NEA ,  2010 XD11,     K10X11D,  0,18.1 ,0.15
NEA ,  2010 XD25,     K10X25D,  0,20.7 ,0.15
NEA ,  2010 XG11,     K10X11G,  0,20.0 ,0.15
NEA ,   2010 XJ3,     K10X03J,  0,16.7 ,0.15
NEA ,  2010 XP51,     K10X51P,  0,18.6 ,0.15
NEA ,  2010 XX58,     K10X58X,  0,18.4 ,0.15
NEA ,    2010 YB,     K10Y00B,  0,16.5 ,0.15
NEA ,  2011 AM24,     K11A24M,  0,20.5 ,0.15
NEA ,  2011 AM24,     K11A24M,  0,20.5 ,0.15
NEA ,  2011 AR26,     K11A26R,  0,20.3 ,0.15
NEA ,  2011 BE38,     K11B38E,  0,18.3 ,0.15
NEA ,  2011 BH10,     K11B10H,  0,16.9 ,0.15
NEA ,  2011 BO24,     K11B24O,  0,18.8 ,0.15
NEA ,  2011 BX18,     K11B18X,  0,18.2 ,0.15
NEA ,  2011 CY46,     K11C46Y,  0,19.9 ,0.15
NEA ,  2011 EF17,     K11E17F,  0,19.2 ,0.15
NEA ,  2011 EN40,     K11E40N,  0,20.6 ,0.15
NEA ,  2011 EP51,     K11E51P,  0,24.9 ,0.15
NEA ,  2011 ET29,     K11E29T,  0,18.7 ,0.15
NEA ,   2011 ET4,     K11E04T,  0,15.9 ,0.15
NEA ,  2011 EW29,     K11E29W,  0,20.8 ,0.15
NEA ,   2011 FZ2,     K11F02Z,  0,17.8 ,0.15
NEA ,    2011 GA,     K11G00A,  0,16.9 ,0.15
NEA ,  2011 GL62,     K11G62L,  0,19.5 ,0.15
NEA ,  2011 GM44,     K11G44M,  0,19.5 ,0.15
NEA ,  2011 GO27,     K11G27O,  0,18.9 ,0.15
NEA ,  2011 GQ65,     K11G65Q,  0,18.8 ,0.15
NEA ,  2011 GX65,     K11G65X,  0,21.6 ,0.15
NEA ,  2011 HC36,     K11H36C,  0,20.7 ,0.15
NEA ,   2011 HL7,     K11H07L,  0,17.5 ,0.15
NEA ,    2011 HQ,     K11H00Q,  0,17.4 ,0.15
NEA ,    2011 HR,     K11H00R,  0,17.8 ,0.15
NEA ,  2011 JP29,     K11J29P,  0,19.0 ,0.15
NEA ,  2011 JR13,     K11J13R,  0,19.5 ,0.15
NEA ,  2011 KP17,     K11K17P,  0,19.1 ,0.15
NEA ,  2011 LD19,     K11L19D,  0,18.0 ,0.15
NEA ,    2011 LH,     K11L00H,  0,17.8 ,0.15
NEA ,   2011 LL2,     K11L02L,  0,17.2 ,0.15
NEA ,   2011 MB2,     K11M02B,  0,20.3 ,0.15
NEA ,   2011 MD5,     K11M05D,  0,17.9 ,0.15
NEA ,    2011 ME,     K11M00E,  0,19.5 ,0.15
NEA ,   2011 ME5,     K11M05E,  0,19.5 ,0.15
NEA ,    2011 MU,     K11M00U,  0,16.1 ,0.15
NEA ,   2011 MW1,     K11M01W,  0,22.3 ,0.15
NEA ,    2011 NZ,     K11N00Z,  0,20.8 ,0.15
NEA ,    2011 OA,     K11O00A,  0,17.3 ,0.15
NEA ,    2011 OB,     K11O00B,  0,17.3 ,0.15
NEA ,   2011 OK5,     K11O05K,  0,20.9 ,0.15
NEA ,   2011 OL5,     K11O05L,  0,20.2 ,0.15
NEA ,   2011 OV4,     K11O04V,  0,17.7 ,0.15
NEA ,    2011 PU,     K11P00U,  0,17.5 ,0.15
NEA ,   2011 PW6,     K11P06W,  0,18.5 ,0.15
NEA ,  2011 QH21,     K11Q21H,  0,18.7 ,0.15
NEA ,   2011 QS2,     K11Q02S,  0,15.9 ,0.15
NEA ,  2011 SA16,     K11S16A,  0,16.6 ,0.15
NEA ,  2011 SM68,     K11S68M,  0,19.6 ,0.15
NEA ,  2011 SP68,     K11S68P,  0,22.3 ,0.15
NEA ,   2011 TG2,     K11T02G,  0,20.4 ,0.15
NEA ,   2011 TN9,     K11T09N,  0,21.3 ,0.15
NEA ,  2011 UG21,     K11U21G,  0,19.4 ,0.15
NEA , 2011 UM147,     K11UE7M,  0,18.6 ,0.15
NEA ,  2011 US63,     K11U63S,  0,18.0 ,0.15
NEA ,  2011 UT20,     K11U20T,  0,15.6 ,0.15
NEA , 2011 UU158,     K11UF8U,  0,19.5 ,0.15
NEA , 2011 UY255,     K11UP5Y,  0,23.0 ,0.15
NEA ,   2011 VS5,     K11V05S,  0,19.6 ,0.15
NEA ,   2011 VV5,     K11V05V,  0,19.0 ,0.15
NEA ,    2011 WC,     K11W00C,  0,15.9 ,0.15
NEA ,  2011 WD39,     K11W39D,  0,19.3 ,0.15
NEA ,  2011 WH15,     K11W15H,  0,16.5 ,0.15
NEA ,  2011 WN15,     K11W15N,  0,15.6 ,0.15
NEA ,   2011 WS2,     K11W02S,  0,16.5 ,0.15
NEA ,  2011 WU95,     K11W95U,  0,19.5 ,0.15
NEA ,   2011 WV4,     K11W04V,  0,16.2 ,0.15
NEA ,   2011 XA3,     K11X03A,  0,20.4 ,0.15
NEA ,    2011 XC,     K11X00C,  0,20.9 ,0.15
NEA ,    2011 XE,     K11X00E,  0,16.2 ,0.15
NEA ,   2011 XS2,     K11X02S,  0,18.2 ,0.15
NEA ,   2011 YG6,     K11Y06G,  0,13.1 ,0.15
NEA ,  2011 YT62,     K11Y62T,  0,22.4 ,0.15
NEA ,  2011 YV62,     K11Y62V,  0,21.3 ,0.15
NEA ,   2012 AD3,     K12A03D,  0,19.7 ,0.15
NEA ,  2012 AS10,     K12A10S,  0,17.1 ,0.15
NEA ,  2012 AT10,     K12A10T,  0,20.1 ,0.15
NEA ,  2012 AT22,     K12A22T,  0,20.3 ,0.15
NEA ,  2012 AU10,     K12A10U,  0,18.2 ,0.15
NEA ,  2012 BC20,     K12B20C,  0,18.7 ,0.15
NEA ,  2012 BF11,     K12B11F,  0,14.3 ,0.15
NEA ,  2012 BF86,     K12B86F,  0,22.6 ,0.15
NEA ,  2012 BM86,     K12B86M,  0,21.8 ,0.15
NEA ,  2012 BN11,     K12B11N,  0,20.8 ,0.15
NEA ,  2012 CC17,     K12C17C,  0,20.5 ,0.15
NEA ,   2012 CL2,     K12C02L,  0,16.1 ,0.15
NEA ,  2012 DE61,     K12D61E,  0,19.4 ,0.15
NEA ,   2012 DG4,     K12D04G,  0,16.8 ,0.15
NEA ,  2012 DJ61,     K12D61J,  0,19.9 ,0.15
NEA ,  2012 DK31,     K12D31K,  0,21.8 ,0.15
NEA ,    2012 DN,     K12D00N,  0,17.9 ,0.15
NEA ,   2012 DP8,     K12D08P,  0,17.4 ,0.15
NEA ,   2012 EA2,     K12E02A,  0,19.2 ,0.15
NEA ,  2012 FD23,     K12F23D,  0,20.0 ,0.15
NEA ,  2012 FG58,     K12F58G,  0,22.0 ,0.15
NEA ,  2012 FK35,     K12F35K,  0,18.2 ,0.15
NEA ,  2012 FL35,     K12F35L,  0,19.7 ,0.15
NEA ,   2012 FQ1,     K12F01Q,  0,18.2 ,0.15
NEA ,   2012 FR1,     K12F01R,  0,16.2 ,0.15
NEA ,   2012 GG1,     K12G01G,  0,16.8 ,0.15
NEA ,  2012 GV11,     K12G11V,  0,22.3 ,0.15
NEA ,  2012 HG31,     K12H31G,  0,18.9 ,0.15
NEA ,  2012 HZ33,     K12H33Z,  0,20.4 ,0.15
NEA ,  2012 JR17,     K12J17R,  0,17.7 ,0.15
NEA ,  2012 JS17,     K12J17S,  0,21.0 ,0.15
NEA ,   2012 KA4,     K12K04A,  0,17.3 ,0.15
NEA ,  2012 KF47,     K12K47F,  0,21.0 ,0.15
NEA ,  2012 KU42,     K12K42U,  0,17.7 ,0.15
NEA ,  2012 KY41,     K12K41Y,  0,18.1 ,0.15
NEA ,  2012 LF11,     K12L11F,  0,20.8 ,0.15
NEA ,   2012 LK2,     K12L02K,  0,17.5 ,0.15
NEA ,   2012 LK9,     K12L09K,  0,17.9 ,0.15
NEA ,   2012 LR1,     K12L01R,  0,16.7 ,0.15
NEA ,   2012 MO3,     K12M03O,  0,20.8 ,0.15
NEA ,   2012 MR4,     K12M04R,  0,17.6 ,0.15
NEA ,   2012 MR7,     K12M07R,  0,18.9 ,0.15
NEA ,   2012 OC1,     K12O01C,  0,17.5 ,0.15
NEA ,   2012 OD1,     K12O01D,  0,18.6 ,0.15
NEA ,   2012 PG5,     K12P05G,  0,18.7 ,0.15
NEA ,   2012 PG6,     K12P06G,  0,20.3 ,0.15
NEA ,  2012 PN28,     K12P28N,  0,17.8 ,0.15
NEA ,  2012 PQ28,     K12P28Q,  0,18.4 ,0.15
NEA ,    2012 PW,     K12P00W,  0,16.5 ,0.15
NEA ,  2012 QE50,     K12Q50E,  0,18.9 ,0.15
NEA ,   2012 QH8,     K12Q08H,  0,21.2 ,0.15
NEA ,  2012 QO10,     K12Q10O,  0,18.9 ,0.15
NEA ,   2012 RG3,     K12R03G,  0,16.1 ,0.15
NEA ,   2012 SL8,     K12S08L,  0,20.8 ,0.15
NEA ,  2012 SN30,     K12S30N,  0,18.8 ,0.15
NEA ,  2012 SQ56,     K12S56Q,  0,17.7 ,0.15
NEA ,   2012 ST9,     K12S09T,  0,19.7 ,0.15
NEA , 2012 TA219,     K12TL9A,  0,17.9 ,0.15
NEA ,  2012 TQ78,     K12T78Q,  0,19.5 ,0.15
NEA ,  2012 TY52,     K12T52Y,  0,21.4 ,0.15
NEA ,  2012 TZ52,     K12T52Z,  0,20.7 ,0.15
NEA ,  2012 UA34,     K12U34A,  0,19.7 ,0.15
NEA , 2012 UR136,     K12UD6R,  0,19.3 ,0.15
NEA ,  2012 UZ33,     K12U33Z,  0,19.2 ,0.15
NEA ,  2012 VE37,     K12V37E,  0,20.7 ,0.15
NEA ,   2012 VH5,     K12V05H,  0,16.2 ,0.15
NEA ,   2012 VJ6,     K12V06J,  0,16.2 ,0.15
NEA ,  2012 VJ82,     K12V82J,  0,19.7 ,0.15
NEA ,  2012 VO76,     K12V76O,  0,21.1 ,0.15
NEA ,  2012 VV93,     K12V93V,  0,17.5 ,0.15
NEA ,  2012 WG32,     K12W32G,  0,17.6 ,0.15
NEA ,   2012 WK4,     K12W04K,  0,21.4 ,0.15
NEA , 2012 XM145,     K12XE5M,  0,20.2 ,0.15
NEA , 2012 XS134,     K12XD4S,  0,18.4 ,0.15
NEA ,  2012 XS93,     K12X93S,  0,19.8 ,0.15
NEA ,    2012 YK,     K12Y00K,  0,16.4 ,0.15
NEA ,  2013 AA53,     K13A53A,  0,19.4 ,0.15
NEA ,  2013 AE69,     K13A69E,  0,21.3 ,0.15
NEA ,  2013 AU27,     K13A27U,  0,18.9 ,0.15
NEA ,  2013 AV60,     K13A60V,  0,18.6 ,0.15
NEA ,  2013 AW52,     K13A52W,  0,19.9 ,0.15
NEA ,  2013 AW60,     K13A60W,  0,18.8 ,0.15
NEA ,  2013 AX52,     K13A52X,  0,20.2 ,0.15
NEA ,  2013 BE19,     K13B19E,  0,19.8 ,0.15
NEA ,  2013 BM76,     K13B76M,  0,20.3 ,0.15
NEA ,  2013 BO76,     K13B76O,  0,20.4 ,0.15
NEA ,  2013 BP73,     K13B73P,  0,20.4 ,0.15
NEA ,  2013 CL89,     K13C89L,  0,19.4 ,0.15
NEA ,  2013 CP35,     K13C35P,  0,18.2 ,0.15
NEA ,  2013 CQ35,     K13C35Q,  0,19.7 ,0.15
NEA ,  2013 CW32,     K13C32W,  0,21.9 ,0.15
NEA ,   2013 DL1,     K13D01L,  0,16.0 ,0.15
NEA ,  2013 EC28,     K13E28C,  0,20.8 ,0.15
NEA ,  2013 ER89,     K13E89R,  0,20.2 ,0.15
NEA ,    2013 ET,     K13E00T,  0,16.9 ,0.15
NEA ,  2013 FD11,     K13F11D,  0,19.7 ,0.15
NEA ,  2013 FY13,     K13F13Y,  0,20.5 ,0.15
NEA ,  2013 GR38,     K13G38R,  0,21.8 ,0.15
NEA ,  2013 GW68,     K13G68W,  0,21.8 ,0.15
NEA ,  2013 GX79,     K13G79X,  0,20.8 ,0.15
NEA ,   2013 GY7,     K13G07Y,  0,20.3 ,0.15
NEA ,  2013 GZ79,     K13G79Z,  0,19.9 ,0.15
NEA ,  2013 HT15,     K13H15T,  0,21.8 ,0.15
NEA ,  2013 JK22,     K13J22K,  0,20.3 ,0.15
NEA ,   2013 JX2,     K13J02X,  0,15.4 ,0.15
NEA ,   2013 KY1,     K13K01Y,  0,15.8 ,0.15
NEA ,   2013 LB1,     K13L01B,  0,17.3 ,0.15
NEA ,   2013 LB2,     K13L02B,  0,17.4 ,0.15
NEA ,   2013 LC7,     K13L07C,  0,19.4 ,0.15
NEA ,  2013 LE16,     K13L16E,  0,18.5 ,0.15
NEA ,  2013 LW28,     K13L28W,  0,18.8 ,0.15
NEA ,   2013 MH7,     K13M07H,  0,19.5 ,0.15
NEA ,    2013 MR,     K13M00R,  0,15.7 ,0.15
NEA ,    2013 OE,     K13O00E,  0,17.8 ,0.15
NEA ,   2013 OM9,     K13O09M,  0,18.3 ,0.15
NEA ,  2013 PN43,     K13P43N,  0,20.7 ,0.15
NEA ,  2013 PR43,     K13P43R,  0,23.4 ,0.15
NEA ,  2013 PU31,     K13P31U,  0,18.0 ,0.15
NEA ,   2013 PV6,     K13P06V,  0,15.8 ,0.15
NEA ,  2013 QK48,     K13Q48K,  0,18.4 ,0.15
NEA ,  2013 RB21,     K13R21B,  0,21.1 ,0.15
NEA ,  2013 RD32,     K13R32D,  0,18.4 ,0.15
NEA ,   2013 RE6,     K13R06E,  0,17.6 ,0.15
NEA ,   2013 RV9,     K13R09V,  0,16.4 ,0.15
NEA ,  2013 RX80,     K13R80X,  0,18.0 ,0.15
NEA ,  2013 RX80,     K13R80X,  0,18.0 ,0.15
NEA ,  2013 SK19,     K13S19K,  0,18.7 ,0.15
NEA ,   2013 TH5,     K13T05H,  0,18.0 ,0.15
NEA ,   2013 TS5,     K13T05S,  0,16.7 ,0.15
NEA ,   2013 UG9,     K13U09G,  0,18.5 ,0.15
NEA ,   2013 UH9,     K13U09H,  0,18.6 ,0.15
NEA ,  2013 VA10,     K13V10A,  0,22.2 ,0.15
NEA ,   2013 VM4,     K13V04M,  0,20.5 ,0.15
NEA ,   2013 VO5,     K13V05O,  0,21.3 ,0.15
NEA ,  2013 WT44,     K13W44T,  0,19.3 ,0.15
NEA ,  2013 WW44,     K13W44W,  0,20.4 ,0.15
NEA ,  2013 WY67,     K13W67Y,  0,19.3 ,0.15
NEA ,  2013 XB10,     K13X10B,  0,19.6 ,0.15
NEA ,  2013 XE22,     K13X22E,  0,20.7 ,0.15
NEA ,  2013 XM24,     K13X24M,  0,19.0 ,0.15
NEA ,  2013 YB38,     K13Y38B,  0,17.8 ,0.15
NEA ,  2013 YZ13,     K13Y13Z,  0,16.1 ,0.15
NEA ,  2013 YZ37,     K13Y37Z,  0,19.8 ,0.15
NEA ,  2014 AA17,     K14A17A,  0,20.2 ,0.15
NEA ,  2014 AR46,     K14A46R,  0,19.2 ,0.15
NEA ,  2014 BD33,     K14B33D,  0,17.2 ,0.15
NEA ,   2014 BF3,     K14B03F,  0,16.1 ,0.15
NEA ,  2014 BS32,     K14B32S,  0,18.7 ,0.15
NEA ,  2014 DE80,     K14D80E,  0,19.0 ,0.15
NEA ,  2014 ED49,     K14E49D,  0,18.5 ,0.15
NEA ,  2014 EH45,     K14E45H,  0,22.8 ,0.15
NEA ,  2014 EZ48,     K14E48Z,  0,18.8 ,0.15
NEA ,  2014 GD50,     K14G50D,  0,20.0 ,0.15
NEA ,   2014 GK1,     K14G01K,  0,19.7 ,0.15
NEA ,  2014 GL49,     K14G49L,  0,20.7 ,0.15
NEA , 2014 HK129,     K14HC9K,  0,21.1 ,0.15
NEA ,   2014 HO4,     K14H04O,  0,17.9 ,0.15
NEA , 2014 HQ124,     K14HC4Q,  0,18.9 ,0.15
NEA , 2014 HR178,     K14HH8R,  0,20.0 ,0.15
NEA ,   2014 HR4,     K14H04R,  0,17.0 ,0.15
NEA ,  2014 JG78,     K14J78G,  0,19.7 ,0.15
NEA ,  2014 JU54,     K14J54U,  0,19.8 ,0.15
NEA ,  2014 KD91,     K14K91D,  0,17.2 ,0.15
NEA ,  2014 KE91,     K14K91E,  0,18.2 ,0.15
NEA ,  2014 KR84,     K14K84R,  0,20.3 ,0.15
NEA ,  2014 KT86,     K14K86T,  0,20.5 ,0.15
NEA ,  2014 LU14,     K14L14U,  0,19.7 ,0.15
NEA ,   2014 MC6,     K14M06C,  0,19.4 ,0.15
NEA ,   2014 MO5,     K14M05O,  0,16.8 ,0.15
NEA ,  2014 MQ18,     K14M18Q,  0,15.6 ,0.15
NEA ,  2014 NF64,     K14N64F,  0,18.2 ,0.15
NEA , 2014 OL339,     K14OX9L,  0,22.9 ,0.15
NEA ,  2014 PA59,     K14P59A,  0,20.8 ,0.15
NEA ,  2014 PG51,     K14P51G,  0,20.6 ,0.15
NEA ,  2014 QH33,     K14Q33H,  0,17.4 ,0.15
NEA , 2014 QJ433,     K14Qh3J,  0,18.7 ,0.15
NEA , 2014 QK296,     K14QT6K,  0,18.5 ,0.15
NEA , 2014 QK296,     K14QT6K,  0,18.5 ,0.15
NEA , 2014 QW296,     K14QT6W,  0,18.6 ,0.15
NEA ,  2014 QX33,     K14Q33X,  0,16.5 ,0.15
NEA , 2014 SK142,     K14SE2K,  0,19.7 ,0.15
NEA , 2014 SP142,     K14SE2P,  0,21.7 ,0.15
NEA , 2014 SZ303,     K14SU3Z,  0,18.1 ,0.15
NEA ,  2014 TF17,     K14T17F,  0,20.7 ,0.15
NEA ,  2014 TX32,     K14T32X,  0,20.2 ,0.15
NEA , 2014 UH175,     K14UH5H,  0,20.4 ,0.15
NEA , 2014 UR116,     K14UB6R,  0,19.7 ,0.15
NEA , 2014 UT192,     K14UJ2T,  0,19.6 ,0.15
NEA ,   2014 VG2,     K14V02G,  0,17.2 ,0.15
NEA ,    2014 VM,     K14V00M,  0,16.1 ,0.15
NEA ,   2014 VN6,     K14V06N,  0,19.1 ,0.15
NEA , 2014 WE365,     K14Wa5E,  0,21.0 ,0.15
NEA , 2014 WF497,     K14Wn7F,  0,20.1 ,0.15
NEA , 2014 WP365,     K14Wa5P,  0,20.3 ,0.15
NEA ,   2014 XK3,     K14X03K,  0,16.3 ,0.15
NEA ,   2014 XL7,     K14X07L,  0,21.0 ,0.15
NEA ,    2014 YD,     K14Y00D,  0,15.6 ,0.15
NEA ,  2014 YJ14,     K14Y14J,  0,18.3 ,0.15
NEA ,  2014 YY43,     K14Y43Y,  0,19.3 ,0.15
NEA ,    2015 AB,     K15A00B,  0,16.5 ,0.15
NEA ,  2015 AJ44,     K15A44J,  0,22.3 ,0.15
NEA ,  2015 AR45,     K15A45R,  0,19.8 ,0.15
NEA ,  2015 AW16,     K15A16W,  0,21.7 ,0.15
NEA , 2015 AY245,     K15AO5Y,  0,21.2 ,0.15
NEA ,  2015 BA93,     K15B93A,  0,21.2 ,0.15
NEA , 2015 BL509,     K15Bo9L,  0,20.0 ,0.15
NEA , 2015 BR510,     K15Bp0R,  0,20.3 ,0.15
NEA , 2015 DZ197,     K15DJ7Z,  0,18.4 ,0.15
NEA ,   2015 EE7,     K15E07E,  0,20.2 ,0.15
NEA ,  2015 FC35,     K15F35C,  0,21.9 ,0.15
NEA ,  2015 FF37,     K15F37F,  0,16.3 ,0.15
NEA ,  2015 FG36,     K15F36G,  0,23.7 ,0.15
NEA , 2015 FQ118,     K15FB8Q,  0,20.5 ,0.15
NEA , 2015 FS332,     K15FX2S,  0,18.4 ,0.15
NEA , 2015 FT118,     K15FB8T,  0,20.4 ,0.15
NEA , 2015 FT118,     K15FB8T,  0,20.4 ,0.15
NEA ,   2015 GX5,     K15G05X,  0,20.8 ,0.15
NEA ,    2015 GY,     K15G00Y,  0,21.7 ,0.15
NEA ,  2015 GZ13,     K15G13Z,  0,19.8 ,0.15
NEA ,  2015 HB10,     K15H10B,  0,18.3 ,0.15
NEA ,   2015 JD1,     K15J01D,  0,17.9 ,0.15
NEA ,    2015 JJ,     K15J00J,  0,16.2 ,0.15
NEA , 2015 KJ157,     K15KF7J,  0,19.2 ,0.15
NEA , 2015 KQ154,     K15KF4Q,  0,18.8 ,0.15
NEA , 2015 MN116,     K15MB6N,  0,19.8 ,0.15
NEA ,  2015 MN66,     K15M66N,  0,20.1 ,0.15
NEA ,  2015 MW53,     K15M53W,  0,21.6 ,0.15
NEA ,   2015 NJ3,     K15N03J,  0,20.5 ,0.15
NEA ,   2015 NK3,     K15N03K,  0,21.3 ,0.15
NEA ,  2015 OB22,     K15O22B,  0,21.6 ,0.15
NEA ,    2015 PM,     K15P00M,  0,16.3 ,0.15
NEA , 2015 PQ291,     K15PT1Q,  0,17.8 ,0.15
NEA ,   2015 QE9,     K15Q09E,  0,19.5 ,0.15
NEA ,   2015 QT9,     K15Q09T,  0,20.5 ,0.15
NEA ,   2015 RD2,     K15R02D,  0,15.9 ,0.15
NEA ,   2015 RH2,     K15R02H,  0,16.1 ,0.15
NEA ,  2015 RT83,     K15R83T,  0,19.9 ,0.15
NEA ,    2015 SS,     K15S00S,  0,16.6 ,0.15
NEA ,  2015 TA25,     K15T25A,  0,20.0 ,0.15
NEA ,    2015 TF,     K15T00F,  0,16.3 ,0.15
NEA , 2015 TO237,     K15TN7O,  0,18.4 ,0.15
NEA ,  2015 UC67,     K15U67C,  0,19.6 ,0.15
NEA ,  2015 UC67,     K15U67C,  0,19.6 ,0.15
NEA ,  2015 UM67,     K15U67M,  0,18.9 ,0.15
NEA ,  2015 VD66,     K15V66D,  0,20.0 ,0.15
NEA ,  2015 VD66,     K15V66D,  0,20.0 ,0.15
NEA ,  2015 VO66,     K15V66O,  0,20.6 ,0.15
NEA ,   2015 WA1,     K15W01A,  0,21.7 ,0.15
NEA , 2015 XA352,     K15XZ2A,  0,21.8 ,0.15
NEA , 2015 XA352,     K15XZ2A,  0,21.8 ,0.15
NEA ,    2015 XC,     K15X00C,  0,16.4 ,0.15
NEA , 2015 XJ261,     K15XQ1J,  0,19.6 ,0.15
NEA , 2015 XR128,     K15XC8R,  0,19.2 ,0.15
NEA ,  2015 YE18,     K15Y18E,  0,17.7 ,0.15
NEA ,  2015 YE18,     K15Y18E,  0,17.7 ,0.15
NEA ,   2015 YU7,     K15Y07U,  0,21.3 ,0.15
NEA , 2016 AX147,     K16AE7X,  0,17.7 ,0.15
NEA ,  2016 BX80,     K16B80X,  0,20.6 ,0.15
NEA , 2016 CL264,     K16CQ4L,  0,19.3 ,0.15
NEA , 2016 CR247,     K16CO7R,  0,21.6 ,0.15
NEA , 2016 CX264,     K16CQ4X,  0,19.5 ,0.15
NEA , 2016 EZ157,     K16EF7Z,  0,18.6 ,0.15
NEA ,   2016 FA4,     K16F04A,  0,19.6 ,0.15
NEA , 2016 GU221,     K16GM1U,  0,20.1 ,0.15
NEA ,    2016 JE,     K16J00E,  0,17.4 ,0.15
NEA ,  2016 JQ17,     K16J17Q,  0,18.4 ,0.15
NEA ,    2016 KZ,     K16K00Z,  0,20.3 ,0.15
NEA ,    2016 LG,     K16L00G,  0,25.3 ,0.15
NEA ,  2016 LH49,     K16L49H,  0,18.8 ,0.15
NEA ,  2016 LL11,     K16L11L,  0,19.0 ,0.15
NEA ,  2016 LM48,     K16L48M,  0,20.5 ,0.15
NEA ,   2016 LU9,     K16L09U,  0,18.9 ,0.15
NEA ,    2016 NF,     K16N00F,  0,16.3 ,0.15
NEA ,    2016 NV,     K16N00V,  0,17.0 ,0.15
